{"train_grad_norm/module.blocks.0.norm1":0.013353295986531621,"train_grad_norm/module.blocks.6.attn.qkv":0.05023905497257289,"train_grad_norm/module.blocks.6.norm1":0.002309947696368285,"train_grad_norm/module.head":0.27498855753497253,"train_grad_norm/module.blocks.3.norm2":0.003736586535779598,"train_grad_norm/module.blocks.8.norm2":0.0025629293958247747,"train_grad_norm/module.blocks.7.mlp.fc1":0.08204494012145426,"train_grad_norm/module.blocks.5.mlp.fc1":0.08728725287550626,"train_grad_norm/module.blocks.1.attn.qkv":0.09914599516124863,"train_grad_norm/module.blocks.10.attn.qkv":0.03857171273903794,"train_grad_norm/module.blocks.1.attn.proj":0.1151634832654658,"train_grad_norm/module.blocks.6.attn.proj":0.05524961000416722,"train_grad_norm/module":0.19771212496456836,"train_grad_norm/module.blocks.4.norm1":0.00298928609132319,"lr":1e-05,"train_grad_norm/module.blocks.6.norm2":0.0025628293319484617,"train_grad_norm/module.blocks.3.attn.proj":0.0722293112493971,"eval_top5":78.89000102539063,"train_grad_norm/module.blocks.0.mlp.fc1":0.19702777426926166,"train_grad_norm/module.blocks.0.norm2":0.006395973250051623,"train_grad_norm/module.blocks.5.norm1":0.0025827628957816027,"train_grad_norm/module.blocks.9.norm1":0.0018623495580091273,"train_grad_norm/module.blocks.9.norm2":0.002036599373393997,"train_grad_norm/module.blocks.10.mlp.fc2":0.07581155278499811,"train/step":24,"train_grad_norm/module.blocks.10.attn.proj":0.04133881155203481,"train_grad_norm/module.blocks.0.mlp.fc2":0.20588530344175993,"train_grad_norm/module.blocks.9.mlp.fc2":0.0727736872537721,"train_grad_norm/module.blocks.2.mlp.fc1":0.11575753729915647,"train_grad_norm/module.blocks.2.attn.qkv":0.07057919725667368,"train_grad_norm/module.blocks.8.mlp.fc2":0.08432152511786992,"eval_loss":2.045498734664917,"train_grad_norm/module.blocks.2.mlp.fc2":0.12138989030913822,"eval_top1":25.58000010986328,"train_grad_norm/module.blocks.11.norm2":0.0024351465038102266,"train_grad_norm/module.blocks.10.norm2":0.002283858040623417,"train_grad_norm/module.blocks.8.mlp.fc1":0.08255109109054767,"train_grad_norm/module.blocks.2.norm1":0.0036670170073597316,"train_grad_norm/module.blocks.7.norm1":0.002075003749677187,"train_grad_norm/module.blocks.3.mlp.fc1":0.10252596387386477,"epoch":0,"_step":48,"train_grad_norm/module.blocks.5.norm2":0.003118657625914541,"train_grad_norm/module.blocks.6.mlp.fc1":0.08030492688330892,"train_grad_norm/module.blocks.1.norm2":0.004808838235852033,"train_grad_norm/module.blocks.2.attn.proj":0.08435439181537213,"train_grad_norm/module.blocks.9.mlp.fc1":0.06929342446224479,"train_grad_norm/module.blocks.9.attn.proj":0.04829882996872527,"train_grad_norm/module.blocks.8.attn.proj":0.04822633202782037,"train_grad_norm/module.blocks.1.mlp.fc1":0.1563892281182185,"train_grad_norm/total":0.822798143140069,"train_grad_norm/module.blocks.11.mlp.fc2":0.07008192629683237,"train_grad_norm/module.blocks.3.mlp.fc2":0.11165826396614303,"train_grad_norm/module.blocks.5.mlp.fc2":0.0958647871831085,"train_grad_norm/module.blocks.5.attn.qkv":0.05485061504453372,"train_grad_norm/module.blocks.10.norm1":0.0018822305061275758,"train_grad_norm/module.blocks.11.norm1":0.0018362922878683104,"_wandb":{"runtime":10},"train_grad_norm/module.blocks.3.attn.qkv":0.06334812777514096,"train_grad_norm/module.blocks.7.attn.qkv":0.04333011156040477,"train_loss":2.236109972000122,"train_grad_norm/module.blocks.1.mlp.fc2":0.15311383882368118,"train_grad_norm/module.blocks.4.attn.proj":0.06697859933824038,"train_grad_norm/module.blocks.11.attn.proj":0.04378701572812158,"train_grad_norm/module.norm":0.009336783685926362,"train_grad_norm/module.blocks.0.attn.proj":0.2338094260996746,"train_grad_norm/module.blocks.7.mlp.fc2":0.08618332141028032,"train_grad_norm/module.blocks.5.attn.proj":0.06702546402408294,"train_grad_norm/module.blocks.0.attn.qkv":0.21905447133613679,"train_grad_norm/module.blocks.7.attn.proj":0.054871926181490074,"train_grad_norm/module.blocks.10.mlp.fc1":0.07140314450115676,"_runtime":10.422484438,"_timestamp":1.7360607458984804e+09,"train_grad_norm/module.blocks.8.attn.qkv":0.042715570901344466,"train_grad_norm/module.blocks.3.norm1":0.00360662796065243,"train_grad_norm/module.blocks.4.mlp.fc1":0.0988653987139652,"train_grad_norm/module.blocks.2.norm2":0.004162906798354795,"train_param_norm":83.7139937851303,"train_grad_norm/module.blocks.8.norm1":0.0018347489955478794,"train_grad_norm/module.blocks.4.norm2":0.003264920981419895,"train_grad_norm/module.blocks.1.norm1":0.0055332469258645225,"train_grad_norm/module.blocks.11.mlp.fc1":0.07005537200395301,"train/epoch":0,"train_grad_norm/module.blocks.6.mlp.fc2":0.08410821614756331,"train_grad_norm/module.blocks.9.attn.qkv":0.043990429183336774,"train_grad_norm/module.blocks.4.mlp.fc2":0.10720633766484729,"train_grad_norm/module.patch_embed.proj":0.28727969214714755,"train/lr":1e-05,"train_grad_norm/module.blocks.7.norm2":0.002591586048857545,"train_grad_norm/module.blocks.4.attn.qkv":0.06331178529148514,"train_grad_norm/module.blocks.11.attn.qkv":0.03887281142338346}