{"train/grad_norm_module.blocks.11.attn.proj":0.04378808073935695,"train/grad_norm_module.blocks.10.attn.proj":0.04133984949702943,"train/grad_norm_module.blocks.3.norm1":0.0036064600020599305,"train/grad_norm_module":0.19770944863975196,"train/grad_norm_module.blocks.5.attn.qkv":0.05485804415200622,"train/grad_norm_module.blocks.0.norm1":0.013353702986712786,"train/grad_norm_module.blocks.6.attn.qkv":0.05024579371515946,"train/grad_norm_module.blocks.11.mlp.fc1":0.07005612844801544,"train/grad_norm_module.blocks.0.norm2":0.006396173532641664,"train/grad_norm_module.blocks.5.mlp.fc1":0.08728976096207362,"train/grad_norm_module.blocks.1.mlp.fc1":0.15640570791891648,"train/grad_norm_module.blocks.0.attn.proj":0.233822498834689,"train/grad_norm_module.blocks.11.mlp.fc2":0.07008131824079937,"_runtime":8.875658743,"train/grad_norm_module.blocks.0.mlp.fc1":0.197040706571567,"train/grad_norm_module.blocks.7.attn.proj":0.054875645065146306,"train/grad_norm_module.blocks.1.norm2":0.0048090590817037185,"train/grad_norm_module.blocks.9.norm1":0.0018623068663344389,"train/grad_norm_module.blocks.3.norm2":0.003736535038357711,"train/grad_norm_module.blocks.7.norm2":0.002591509975640218,"train/grad_norm_module.blocks.1.attn.qkv":0.09915530148761577,"train/grad_norm_module.blocks.8.mlp.fc1":0.08255475253713128,"train/grad_norm_module.blocks.7.norm1":0.00207491950635973,"train/grad_norm_module.blocks.9.attn.proj":0.04830138145537729,"train/grad_norm_module.blocks.10.mlp.fc1":0.07140514463775631,"train/grad_norm_module.blocks.2.norm1":0.003666900396615623,"train/grad_norm_module.blocks.9.mlp.fc1":0.06929528720229014,"train/grad_norm_module.blocks.10.attn.qkv":0.03857374808259617,"train/grad_norm_module.blocks.10.norm2":0.0022838268826997654,"train/grad_norm_module.blocks.2.attn.qkv":0.07058814697748385,"_timestamp":1.7360594738959453e+09,"train/grad_norm_module.blocks.11.attn.qkv":0.038874964697776196,"train/epoch":0,"train/grad_norm_module.blocks.2.attn.proj":0.08436101578159824,"_step":47,"train/grad_norm_module.blocks.9.mlp.fc2":0.07277502151178405,"train/grad_norm_module.blocks.1.attn.proj":0.11517459495470218,"train/grad_norm_module.blocks.10.mlp.fc2":0.07581286273356838,"train/grad_norm_module.blocks.7.attn.qkv":0.04333327632933339,"train/grad_norm_module.blocks.8.attn.proj":0.04823108593596405,"train/grad_norm_module.blocks.6.mlp.fc2":0.08411088710542586,"train/grad_norm_module.patch_embed.proj":0.2873206102090705,"train/grad_norm_module.blocks.6.attn.proj":0.05525333779870163,"train/grad_norm_module.blocks.9.norm2":0.0020365755961277297,"train/grad_norm_module.blocks.6.norm2":0.00256282291066866,"train/grad_norm_module.blocks.5.norm2":0.0031185830968646655,"train/grad_norm_module.blocks.8.mlp.fc2":0.08432396950523204,"train/grad_norm_module.blocks.3.mlp.fc2":0.11166311274629889,"train/grad_norm_module.blocks.4.attn.proj":0.06698351283487004,"train/grad_norm_module.blocks.10.norm1":0.001882141952489443,"train/grad_norm_module.blocks.6.norm1":0.0023098797240463163,"train/loss":2.11899471282959,"train/grad_norm_module.blocks.2.mlp.fc1":0.11576328225966659,"train/grad_norm_module.blocks.8.attn.qkv":0.042721112289107216,"train/param_norm":83.71399363195161,"train/grad_norm_module.blocks.8.norm1":0.0018347906435354647,"train/grad_norm_module.blocks.4.norm1":0.0029891625361860804,"train/grad_norm_module.blocks.4.norm2":0.003264685032325253,"train/grad_norm_total":0.8228463768264499,"train/grad_norm_module.blocks.5.attn.proj":0.0670297106093642,"train/grad_norm_module.blocks.7.mlp.fc1":0.08204632112740433,"train/grad_norm_module.blocks.2.norm2":0.0041629821432063565,"train/grad_norm_module.blocks.11.norm1":0.001836292007593743,"train/grad_norm_module.blocks.2.mlp.fc2":0.1213927181306095,"train/grad_norm_module.blocks.5.mlp.fc2":0.0958646585520011,"train/grad_norm_module.blocks.0.attn.qkv":0.21906789457153886,"train/grad_norm_module.norm":0.00933664290372127,"train/grad_norm_module.blocks.4.mlp.fc2":0.10720773237862095,"train/grad_norm_module.blocks.9.attn.qkv":0.04399338601785312,"train/grad_norm_module.head":0.27499229413839243,"train/grad_norm_module.blocks.0.mlp.fc2":0.2058990171235315,"train/grad_norm_module.blocks.7.mlp.fc2":0.08618499873888841,"train/grad_norm_module.blocks.3.attn.proj":0.0722348288835036,"train/grad_norm_module.blocks.5.norm1":0.0025826265085347718,"train/grad_norm_module.blocks.1.norm1":0.0055328765953413465,"train/grad_norm_module.blocks.6.mlp.fc1":0.08030796943355378,"train/grad_norm_module.blocks.1.mlp.fc2":0.15312365739317055,"train/step":24,"train/grad_norm_module.blocks.4.mlp.fc1":0.0988678759671169,"train/grad_norm_module.blocks.3.attn.qkv":0.06335478902826244,"_wandb":{"runtime":8},"train/grad_norm_module.blocks.3.mlp.fc1":0.10253283926028779,"train/grad_norm_module.blocks.4.attn.qkv":0.06331687612049021,"train/lr":1e-05,"train/grad_norm_module.blocks.11.norm2":0.0024350734541397803,"train/grad_norm_module.blocks.8.norm2":0.0025628329454363}