{"_step":47,"train/grad_norm_module.blocks.10.mlp.fc2":0.07581198732134564,"train/grad_norm_module.blocks.8.mlp.fc1":0.08255246001127191,"train/grad_norm_module.blocks.3.mlp.fc1":0.10252684687356556,"train/grad_norm_module.blocks.6.attn.qkv":0.05024041157390622,"train/epoch":0,"train/grad_norm_module.blocks.1.norm1":0.005533108540547892,"train/grad_norm_module.blocks.1.mlp.fc2":0.15311005003524794,"train/grad_norm_module.blocks.2.mlp.fc2":0.12138905531931697,"train/grad_norm_module.blocks.9.attn.qkv":0.043992201075305215,"train/grad_norm_module.blocks.10.attn.qkv":0.03857269495200131,"train/grad_norm_module.blocks.8.norm1":0.001834775223033701,"train/grad_norm_module.blocks.9.attn.proj":0.048300030523818954,"train/grad_norm_module.blocks.3.norm2":0.003736492499632403,"train/grad_norm_module.head":0.2749888096317965,"train/grad_norm_module.blocks.1.attn.proj":0.1151642687206938,"train/grad_norm_module.blocks.8.attn.proj":0.0482281385014967,"train/grad_norm_module.blocks.8.mlp.fc2":0.08432215501546074,"train/grad_norm_module.blocks.6.norm1":0.002309954698231793,"_runtime":8.822255526,"train/grad_norm_module.blocks.6.attn.proj":0.055250954174125226,"train/grad_norm_module.blocks.10.attn.proj":0.04133985883847273,"train/loss":2.1189746856689453,"train/grad_norm_module.blocks.11.attn.qkv":0.03887576579978978,"train/grad_norm_module.blocks.3.mlp.fc2":0.11165766329258657,"train/grad_norm_module.blocks.0.attn.proj":0.23380161620030115,"train/grad_norm_module.blocks.8.attn.qkv":0.04271721475899993,"train/grad_norm_module.blocks.1.norm2":0.00480887328856069,"train/grad_norm_module.blocks.11.norm2":0.0024351517186463538,"train/grad_norm_module.blocks.11.attn.proj":0.043789428438844515,"train/grad_norm_module.blocks.2.attn.qkv":0.07058236673214077,"train/grad_norm_module.blocks.2.norm2":0.004162747339628907,"train/param_norm":83.71399416759627,"train/grad_norm_module.blocks.1.mlp.fc1":0.15638998417093214,"train/grad_norm_module":0.1976965095575688,"train/grad_norm_module.blocks.6.mlp.fc1":0.08030798540649944,"train/grad_norm_module.blocks.4.attn.proj":0.06698065162974966,"train/grad_norm_module.blocks.4.mlp.fc2":0.1072064815991783,"train/grad_norm_module.blocks.11.mlp.fc2":0.07008223194486322,"train/grad_norm_module.blocks.5.norm2":0.003118780566626325,"_timestamp":1.7360594542554567e+09,"train/grad_norm_module.norm":0.009336825938865454,"train/grad_norm_module.blocks.6.norm2":0.0025629366132259588,"train/grad_norm_module.blocks.7.mlp.fc1":0.0820438415855025,"train/grad_norm_module.blocks.4.attn.qkv":0.06331314993438523,"train/grad_norm_module.blocks.8.norm2":0.0025629113871934485,"_wandb":{"runtime":8},"train/grad_norm_module.blocks.6.mlp.fc2":0.0841110812677596,"train/grad_norm_module.blocks.11.norm1":0.001836374365821755,"train/grad_norm_module.blocks.1.attn.qkv":0.09914318429122392,"train/grad_norm_module.blocks.3.attn.proj":0.07223161242814845,"train/grad_norm_module.blocks.11.mlp.fc1":0.0700570807162567,"train/grad_norm_module.blocks.7.attn.proj":0.05487390027748585,"train/grad_norm_module.blocks.9.norm1":0.0018622837929283174,"train/grad_norm_module.blocks.5.norm1":0.002582622811834179,"train/grad_norm_module.blocks.7.mlp.fc2":0.0861820506025458,"train/grad_norm_module.blocks.3.norm1":0.0036066168670207963,"train/grad_norm_module.blocks.7.norm2":0.002591512479688932,"train/grad_norm_module.blocks.7.norm1":0.002074920421645207,"train/grad_norm_module.blocks.7.attn.qkv":0.043332027995186775,"train/grad_norm_module.blocks.9.mlp.fc1":0.06929298511773573,"train/grad_norm_module.blocks.2.norm1":0.003666673657838851,"train/grad_norm_module.patch_embed.proj":0.2872872629457468,"train/grad_norm_module.blocks.2.mlp.fc1":0.11575590770899821,"train/grad_norm_module.blocks.9.mlp.fc2":0.07277350953647536,"train/grad_norm_module.blocks.4.norm2":0.003264801570791653,"train/grad_norm_module.blocks.9.norm2":0.0020366445132312377,"train/grad_norm_module.blocks.5.mlp.fc1":0.08728810480698956,"train/grad_norm_module.blocks.4.norm1":0.002989193934485896,"train/grad_norm_module.blocks.0.mlp.fc2":0.20588234371695133,"train/step":24,"train/grad_norm_module.blocks.0.norm1":0.01335252875171773,"train/grad_norm_module.blocks.0.mlp.fc1":0.19702625584927677,"train/grad_norm_module.blocks.10.mlp.fc1":0.07140293666716754,"train/grad_norm_module.blocks.5.mlp.fc2":0.09586450585104278,"train/grad_norm_module.blocks.10.norm2":0.0022838117623941857,"train/grad_norm_module.blocks.0.norm2":0.006395630931476362,"train/grad_norm_module.blocks.5.attn.proj":0.06702749894720476,"train/grad_norm_module.blocks.5.attn.qkv":0.054852821930994874,"train/grad_norm_total":0.8227949147122654,"train/grad_norm_module.blocks.2.attn.proj":0.08435438778970096,"train/grad_norm_module.blocks.4.mlp.fc1":0.0988660417919585,"train/grad_norm_module.blocks.3.attn.qkv":0.06335203751711391,"train/lr":1e-05,"train/grad_norm_module.blocks.10.norm1":0.0018821806243474667,"train/grad_norm_module.blocks.0.attn.qkv":0.21905041229905825}