{"train/step":2232,"train/grad_norm_module.blocks.0.attn.qkv.bias":0.005339015740901232,"train/grad_norm_module.blocks.0.mlp.fc1.bias":0.0040438491851091385,"train/grad_norm_module.blocks.8.mlp.fc1.bias":0.0015608618268743157,"train/grad_norm_module.blocks.9.mlp.fc2.bias":0.004572253208607435,"train/grad_norm_module.blocks.11.norm2.bias":0.0019939919002354145,"train/grad_norm_module.blocks.8.attn.proj.weight":0.01771814189851284,"train/grad_norm_module.blocks.2.mlp.fc2.bias":0.005760200321674347,"train/grad_norm_module.blocks.3.norm1.weight":0.005976079497486353,"train/grad_norm_module.blocks.6.attn.qkv.weight":0.06714536994695663,"train/grad_norm_module.blocks.7.mlp.fc2.bias":0.005661115050315857,"train/grad_norm_module.blocks.5.norm1.weight":0.005031446926295757,"train/grad_norm_module.blocks.3.mlp.fc1.bias":0.002538637723773718,"_wandb":{"runtime":799},"train/grad_norm_module.blocks.3.attn.proj.bias":0.0063419952057302,"train/grad_norm_module.blocks.2.norm1.bias":0.003940412774682045,"_runtime":799.119438921,"train/grad_norm_module.blocks.10.mlp.fc2.bias":0.004013857804238796,"train/grad_norm_module.blocks.5.norm2.weight":0.0012672514421865344,"train/grad_norm_module.blocks.11.attn.qkv.bias":0.005248963832855225,"train/grad_norm_module.blocks.3.mlp.fc2.weight":0.03613315522670746,"train/grad_norm_module.blocks.4.attn.qkv.weight":0.06908629834651947,"train/grad_norm_module.blocks.6.attn.proj.bias":0.006787496618926525,"train/grad_norm_module.blocks.10.attn.qkv.weight":0.04982928931713104,"train/grad_norm_module.blocks.10.norm1.bias":0.005067610181868076,"train/grad_norm_module.blocks.10.norm2.bias":0.001184868044219911,"train/grad_norm_module.blocks.0.mlp.fc2.weight":0.10731343179941177,"train/grad_norm_module.blocks.10.attn.proj.weight":0.01344788447022438,"train/grad_norm_module.blocks.2.attn.qkv.weight":0.07325024157762527,"train/grad_norm_module.blocks.1.attn.proj.weight":0.047606583684682846,"train/grad_norm_module.cls_token":0.015894679352641106,"train/grad_norm_module.blocks.1.attn.proj.bias":0.0065404074266552925,"train/grad_norm_module.blocks.8.attn.qkv.weight":0.04397934675216675,"train/grad_norm_module.blocks.7.mlp.fc2.weight":0.01963208243250847,"train/grad_norm_module.blocks.7.norm1.bias":0.005648979917168617,"train/grad_norm_module.blocks.5.norm1.bias":0.004568819887936115,"train/grad_norm_module.blocks.1.norm2.bias":0.003205799963325262,"train/grad_norm_module.blocks.3.norm2.bias":0.00196391181088984,"train/grad_norm_module.blocks.9.norm2.weight":0.0009342222474515438,"train/grad_norm_module.blocks.2.attn.proj.weight":0.04498426616191864,"train/grad_norm_module.blocks.5.attn.proj.bias":0.00589636480435729,"train/loss":1.7187674045562744,"train/grad_norm_module.blocks.6.norm2.bias":0.0013867338420823216,"train/grad_norm_module.blocks.7.mlp.fc1.weight":0.01770777627825737,"train/grad_norm_module.blocks.6.mlp.fc1.bias":0.001736639067530632,"train/grad_norm_module.blocks.9.mlp.fc1.bias":0.0014463600236922503,"train/grad_norm_module.blocks.6.attn.proj.weight":0.02704775147140026,"train/grad_norm_module.blocks.6.norm1.weight":0.005723980255424976,"train/grad_norm_module.blocks.4.norm1.weight":0.005053827539086342,"epoch":91,"train/epoch":92,"train/grad_norm_module.blocks.1.attn.qkv.bias":0.004640369676053524,"train/grad_norm_module.blocks.3.attn.proj.weight":0.04226144403219223,"train/grad_norm_module.blocks.4.mlp.fc2.weight":0.03152398392558098,"train/grad_norm_module.blocks.4.mlp.fc1.weight":0.02917984500527382,"train/grad_norm_module.blocks.11.norm2.weight":0.0011338806943967938,"train/grad_norm_module.blocks.5.attn.qkv.weight":0.06004348769783974,"train/grad_norm_module.blocks.4.attn.proj.bias":0.007250913884490728,"train/grad_norm_module.blocks.7.attn.qkv.weight":0.05509478226304054,"eval_top5":98.6100002319336,"train/grad_norm_module.blocks.2.norm2.weight":0.0024271581787616014,"train/grad_norm_module.blocks.10.norm2.weight":0.0010119257494807243,"train/grad_norm_module.blocks.6.norm1.bias":0.005993094760924578,"train/grad_norm_module.blocks.0.attn.proj.weight":0.057237688452005386,"train/grad_norm_module.blocks.4.attn.qkv.bias":0.005850850138813257,"train/grad_norm_module.blocks.0.norm2.weight":0.005620187614113092,"train/grad_norm_module.norm.bias":0.010168628767132759,"train/grad_norm_module.blocks.0.mlp.fc1.weight":0.07825814187526703,"train/grad_norm_module.blocks.9.mlp.fc1.weight":0.020454315468668938,"train/grad_norm_module.blocks.1.norm2.weight":0.0031258666422218084,"train/grad_norm_module.blocks.10.mlp.fc1.weight":0.02118777297437191,"_timestamp":1.736059385092823e+09,"train/grad_norm_module.blocks.0.attn.qkv.weight":0.06817741692066193,"train/grad_norm_module.blocks.1.norm1.weight":0.004105668514966965,"train/grad_norm_module.blocks.7.attn.qkv.bias":0.005595829337835312,"train_loss/epoch":1.707865595817566,"_step":4555,"train/grad_norm_module.blocks.7.norm2.bias":0.0008111299830488861,"train/grad_norm_module.blocks.11.mlp.fc2.weight":0.012063535861670971,"train/grad_norm_module.blocks.3.norm2.weight":0.0018858303083106875,"train/grad_norm_module.blocks.9.mlp.fc2.weight":0.015667468309402466,"train/grad_norm_module.blocks.4.attn.proj.weight":0.0382605716586113,"train/grad_norm_module.blocks.8.norm2.weight":0.0009877107804641128,"train/grad_norm_module.blocks.8.mlp.fc1.weight":0.01967042125761509,"train/grad_norm_module.blocks.8.attn.qkv.bias":0.005033923778682947,"train_params_norm/epoch":98.31660117373487,"train/grad_norm_module.blocks.11.mlp.fc2.bias":0.004567133728414774,"train/grad_norm_module.blocks.8.mlp.fc2.weight":0.016429385170340538,"train/grad_norm_module.blocks.2.mlp.fc1.bias":0.0027698695193976164,"train/grad_norm_module.blocks.3.attn.qkv.weight":0.07548953592777252,"train/grad_norm_module.blocks.9.norm2.bias":0.0011324144434183836,"train/grad_norm_module.blocks.1.mlp.fc1.bias":0.0035295330453664064,"train/grad_norm_module.blocks.5.mlp.fc1.bias":0.0021320318337529898,"train/grad_norm_module.blocks.6.mlp.fc2.weight":0.02289688028395176,"train/grad_norm_total":0.5735790413795785,"train/lr":0.000785356783842216,"train/grad_norm_module.blocks.0.norm2.bias":0.0030778630170971155,"train/grad_norm_module.blocks.1.norm1.bias":0.00459432415664196,"train/grad_norm_module.blocks.10.norm1.weight":0.004282454494386911,"train/grad_norm_module.blocks.1.mlp.fc1.weight":0.05191029608249664,"train/grad_norm_module.blocks.9.attn.qkv.weight":0.04457122087478638,"train/grad_norm_module.blocks.5.mlp.fc2.bias":0.006583781912922859,"train/grad_norm_module.blocks.5.mlp.fc1.weight":0.02612260729074478,"train/grad_norm_module.blocks.4.norm1.bias":0.005040820688009262,"train/grad_norm_module.blocks.1.attn.qkv.weight":0.06485400348901749,"train/grad_norm_module.blocks.0.mlp.fc2.bias":0.006354395300149918,"train/grad_norm_module.blocks.3.attn.qkv.bias":0.005503863096237183,"train/grad_norm_module.blocks.11.norm1.weight":0.004064764361828566,"train/grad_norm_module.blocks.9.norm1.bias":0.005161955486983061,"train/grad_norm_module.norm.weight":0.011295654810965061,"train/grad_norm_module.blocks.11.attn.qkv.weight":0.04170310124754906,"train/grad_norm_module.blocks.8.norm1.bias":0.004918558057397604,"train/grad_norm_module.blocks.6.attn.qkv.bias":0.005890197120606899,"train/grad_norm_module.blocks.9.norm1.weight":0.003896720940247178,"train/grad_norm_module.blocks.6.norm2.weight":0.0012262980453670025,"train/grad_norm_module.blocks.4.mlp.fc2.bias":0.006189894862473011,"train/grad_norm_module.blocks.5.attn.qkv.bias":0.005125865340232849,"train/grad_norm_module.blocks.2.norm2.bias":0.001974620623514056,"lr":0.0007896405861713394,"train/grad_norm_module.blocks.8.norm1.weight":0.003278012154623866,"train/grad_norm_module.blocks.8.attn.proj.bias":0.005443621892482042,"train/grad_norm_module.blocks.4.mlp.fc1.bias":0.0021594588179141283,"eval_top1":76.67000003662109,"train/grad_norm_module.blocks.3.mlp.fc2.bias":0.006080375984311104,"train/grad_norm_module.blocks.5.mlp.fc2.weight":0.02801903896033764,