{"train_grad_norm/module.blocks.6.attn.qkv":0.11902988308663248,"train_grad_norm/module.blocks.1.attn.qkv":0.23395610738774483,"_runtime":397.110207558,"train_grad_norm/module.blocks.9.norm1":0.0033520991488384237,"train_grad_norm/module.blocks.2.mlp.fc2":0.2288091023907394,"train_grad_norm/module.blocks.10.norm1":0.00417092587000303,"train_grad_norm/module.blocks.0.mlp.fc1":0.3827414037048925,"train_grad_norm/module.patch_embed.proj":2.1415353702310447,"train_grad_norm/module.blocks.5.attn.proj":0.07238086941620824,"train_grad_norm/module.blocks.11.norm1":0.0026720065986139837,"eval_loss":1.2207164609909058,"train_grad_norm/module.blocks.5.mlp.fc2":0.12869513826436074,"train_grad_norm/module.blocks.2.mlp.fc1":0.22603450927696167,"train_grad_norm/module.blocks.9.norm2":0.002650787108819905,"train_grad_norm/module.blocks.0.norm2":0.011803408017220678,"train_grad_norm/module.blocks.6.norm2":0.0036098142776069195,"train_grad_norm/module.blocks.11.mlp.fc1":0.05840460035058024,"train_grad_norm/module.blocks.11.norm2":0.0023079375645337625,"train_grad_norm/module.blocks.4.attn.qkv":0.11024201926975834,"train_grad_norm/module.blocks.11.attn.proj":0.03187675990676257,"train_grad_norm/module.blocks.7.attn.qkv":0.05580200557916295,"train_grad_norm/module.blocks.7.norm2":0.0030035531269798853,"train_grad_norm/module.blocks.1.attn.proj":0.20228730139321072,"train_grad_norm/module.blocks.2.attn.proj":0.14383096221690878,"_step":2220,"train_grad_norm/module.blocks.2.norm1":0.007351983499459787,"train_grad_norm/module.blocks.8.norm2":0.0028624656026480944,"train_grad_norm/module.blocks.4.mlp.fc2":0.1513710650803944,"train_grad_norm/module.head":0.32861827100203617,"train_grad_norm/module.blocks.9.attn.proj":0.051492849047586296,"train_param_norm":84.33009858964004,"train_grad_norm/module.blocks.9.mlp.fc2":0.07236804677718135,"train_grad_norm/module.blocks.0.norm1":0.01933200698618325,"train_grad_norm/module.blocks.4.norm2":0.004693269900454299,"train_grad_norm/module.blocks.0.mlp.fc2":0.3801430670535989,"train_grad_norm/module.blocks.6.mlp.fc2":0.1037486652161955,"train/lr":9.45503262094184e-05,"train/step":1088,"train_grad_norm/module.blocks.10.mlp.fc1":0.06218050898556285,"train_grad_norm/module.norm":0.011973933304585693,"train_grad_norm/module.blocks.1.mlp.fc1":0.2752153000751915,"train_grad_norm/module.blocks.3.mlp.fc1":0.1786607331787167,"train_grad_norm/module.blocks.2.attn.qkv":0.1714507592651474,"train_grad_norm/module.blocks.7.mlp.fc2":0.0912024987386039,"train_grad_norm/module.blocks.9.mlp.fc1":0.06922932448215569,"train_grad_norm/module.blocks.7.norm1":0.0030522719919166205,"train_grad_norm/module.blocks.6.mlp.fc1":0.10720639178125577,"train_grad_norm/module.blocks.11.mlp.fc2":0.0581153544626946,"train_grad_norm/total":2.4905466190241,"train_grad_norm/module.blocks.8.attn.qkv":0.07648894344527808,"train_grad_norm/module.blocks.5.norm1":0.004982536178152639,"train_grad_norm/module.blocks.10.mlp.fc2":0.0610427624743832,"train_grad_norm/module.blocks.11.attn.qkv":0.03373160807059893,"train_grad_norm/module.blocks.8.norm1":0.0048839688627270806,"train_grad_norm/module.blocks.8.attn.proj":0.05219530091693774,"train_grad_norm/module.blocks.4.norm1":0.004965982476426747,"train_grad_norm/module.blocks.1.norm2":0.008394737117420704,"lr":9.478558801197065e-05,"train_grad_norm/module.blocks.3.norm1":0.005724889602763927,"eval_top5":96.0700000366211,"train_grad_norm/module.blocks.6.norm1":0.006730444731756882,"train_grad_norm/module.blocks.8.mlp.fc1":0.07756395216449649,"eval_top1":60.950000390625,"train_grad_norm/module.blocks.5.norm2":0.004063192320357007,"epoch":44,"train_grad_norm/module.blocks.3.attn.qkv":0.11628950797312876,"train_grad_norm/module.blocks.8.mlp.fc2":0.07620321013890237,"train_grad_norm/module.blocks.7.mlp.fc1":0.09141460383931677,"train_grad_norm/module.blocks.7.attn.proj":0.05121371716654921,"train_grad_norm/module.blocks.4.mlp.fc1":0.15229730571791653,"train_grad_norm/module.blocks.10.norm2":0.002487755352788758,"train_grad_norm/module.blocks.3.norm2":0.005516519325234756,"train_grad_norm/module":0.2479251578369072,"train_grad_norm/module.blocks.0.attn.proj":0.39967290133191435,"train_grad_norm/module.blocks.3.attn.proj":0.09762508138081118,"train/epoch":45,"train_grad_norm/module.blocks.10.attn.proj":0.06520973169463416,"train_loss":1.6842947006225586,"train_grad_norm/module.blocks.3.mlp.fc2":0.18395015324485503,"train_grad_norm/module.blocks.1.norm1":0.009648587160495704,"train_grad_norm/module.blocks.4.attn.proj":0.0958242413727736,"train_grad_norm/module.blocks.1.mlp.fc2":0.2726684219175983,"train_grad_norm/module.blocks.10.attn.qkv":0.0779194543399096,"train_grad_norm/module.blocks.5.attn.qkv":0.08444228616456856,"train_grad_norm/module.blocks.6.attn.proj":0.08585674892326138,"train_grad_norm/module.blocks.2.norm2":0.0067519091795446035,"_wandb":{"runtime":397},"train_grad_norm/module.blocks.9.attn.qkv":0.059980262221885794,"train_grad_norm/module.blocks.0.attn.qkv":0.5143908209221558,"train_grad_norm/module.blocks.5.mlp.fc1":0.1281284722478855,"_timestamp":1.7360613093658686e+09}