{"train_grad_norm/module.blocks.2.norm1":0.0036667242909837893,"train_grad_norm/module.blocks.0.mlp.fc2":0.20589493412435522,"train_grad_norm/module.blocks.2.attn.proj":0.084356709112413,"train_grad_norm/module.blocks.5.norm1":0.002582731352494709,"train_grad_norm/module.blocks.11.attn.proj":0.04378790916655786,"train_grad_norm/module.blocks.2.mlp.fc2":0.12138756737879969,"_step":48,"train_grad_norm/module.blocks.1.norm1":0.005533119554924043,"train_grad_norm/module.blocks.3.attn.proj":0.07223076882026161,"train_grad_norm/module.blocks.11.mlp.fc1":0.07005704247278273,"train_grad_norm/module.blocks.0.attn.proj":0.2338167858482078,"train_grad_norm/module.blocks.9.attn.qkv":0.04399121553389999,"train_grad_norm/module.blocks.5.attn.proj":0.06702804281540146,"train_grad_norm/module.blocks.5.norm2":0.0031185626566716724,"train_grad_norm/module.blocks.8.norm2":0.0025628466772703203,"train_grad_norm/module.blocks.6.norm1":0.0023099312022761796,"train_grad_norm/module.blocks.4.norm1":0.0029892120075052106,"train_grad_norm/module.blocks.6.attn.proj":0.055250793677515335,"train_grad_norm/module.blocks.8.attn.qkv":0.04271787912980217,"train_grad_norm/module.blocks.8.attn.proj":0.04822811717020564,"train_grad_norm/module.norm":0.009336682907109714,"lr":1e-05,"train_grad_norm/module.blocks.2.norm2":0.00416277699081487,"train_grad_norm/module.blocks.9.mlp.fc1":0.0692941824382826,"train_grad_norm/module.blocks.6.mlp.fc1":0.08030650102908607,"eval_top5":78.88000102539063,"train_grad_norm/module.blocks.4.attn.proj":0.06698074677184933,"train_grad_norm/module.blocks.0.norm1":0.013353160873765832,"train_grad_norm/module.blocks.2.attn.qkv":0.07058348266076352,"train_grad_norm/module.blocks.8.mlp.fc2":0.0843211035936281,"train_grad_norm/module.blocks.9.attn.proj":0.048299647467414414,"train_grad_norm/module.blocks.10.mlp.fc1":0.07140293477683915,"train_grad_norm/module.blocks.8.mlp.fc1":0.08255109759087421,"train_grad_norm/module.blocks.10.attn.qkv":0.03857157169373808,"train_grad_norm/module.blocks.7.norm2":0.0025914488740547653,"train/epoch":0,"train_grad_norm/module.blocks.5.mlp.fc2":0.0958655731313764,"train_grad_norm/module.blocks.0.attn.qkv":0.2190611881756873,"train_grad_norm/module.blocks.2.mlp.fc1":0.11575742446313632,"train_grad_norm/module.blocks.7.attn.qkv":0.04333062227014514,"train_grad_norm/module.blocks.3.mlp.fc2":0.11165914028724604,"train_grad_norm/module":0.19770512858788297,"train_grad_norm/module.blocks.10.attn.proj":0.041338452066288826,"train_grad_norm/module.blocks.3.norm1":0.003606448059133827,"train/lr":1e-05,"train_grad_norm/module.blocks.5.attn.qkv":0.05485488360588724,"train_grad_norm/module.blocks.1.norm2":0.0048091168016707545,"train/step":24,"train_grad_norm/module.blocks.11.mlp.fc2":0.07008268932423249,"train_grad_norm/module.blocks.11.attn.qkv":0.03887427682114528,"train_grad_norm/module.blocks.11.norm1":0.0018362915030948601,"train_grad_norm/module.blocks.4.mlp.fc1":0.09886672573795943,"train_grad_norm/module.blocks.9.norm1":0.001862234436823123,"train_grad_norm/module.blocks.9.mlp.fc2":0.07277454037728201,"train_grad_norm/module.blocks.3.norm2":0.003736487631495805,"train_grad_norm/module.blocks.5.mlp.fc1":0.087288130245255,"train_grad_norm/module.blocks.3.attn.qkv":0.0633507543508145,"train_grad_norm/module.blocks.1.mlp.fc1":0.15640352720800288,"train_grad_norm/module.blocks.3.mlp.fc1":0.1025281950631979,"train_grad_norm/module.blocks.10.norm1":0.001882152274425775,"train_grad_norm/module.blocks.0.mlp.fc1":0.19703517160801548,"train_grad_norm/module.blocks.8.norm1":0.0018348079701529859,"_wandb":{"runtime":10},"train_grad_norm/module.blocks.1.attn.qkv":0.09914723816737513,"train_grad_norm/module.blocks.6.mlp.fc2":0.08410993195036384,"train_grad_norm/module.head":0.2749892563026715,"train_grad_norm/module.blocks.4.attn.qkv":0.06331424357090015,"train_grad_norm/module.blocks.1.attn.proj":0.11516902147853733,"epoch":0,"eval_top1":25.58000010986328,"train_grad_norm/module.blocks.4.norm2":0.0032647479784934847,"train_grad_norm/module.blocks.7.mlp.fc2":0.08618478163608378,"train_grad_norm/total":0.8228186924152229,"train_grad_norm/module.blocks.10.mlp.fc2":0.07581179908055612,"train_grad_norm/module.blocks.7.mlp.fc1":0.08204568092878571,"train_grad_norm/module.blocks.11.norm2":0.0024351963602814225,"train_grad_norm/module.blocks.4.mlp.fc2":0.10720675629504817,"train_grad_norm/module.blocks.7.attn.proj":0.05487330324181157,"_timestamp":1.7360608777690456e+09,"train_grad_norm/module.blocks.1.mlp.fc2":0.15311741558839428,"train_grad_norm/module.blocks.6.norm2":0.00256281796739088,"train_grad_norm/module.patch_embed.proj":0.28729635423927036,"_runtime":10.418169571,"train_loss":2.236110210418701,"train_grad_norm/module.blocks.0.norm2":0.006395875219665574,"train_grad_norm/module.blocks.9.norm2":0.0020366320258685417,"train_grad_norm/module.blocks.10.norm2":0.002283801857704289,"train_param_norm":83.71399378005927,"train_grad_norm/module.blocks.6.attn.qkv":0.050240999345367236,"train_grad_norm/module.blocks.7.norm1":0.002075010836887361,"eval_loss":2.0454982837677003}