{"train/grad_norm_module.blocks.10.norm1":0.0018821951363705766,"train/grad_norm_module.blocks.11.norm1":0.0018363213825112728,"train/grad_norm_module":0.197685656744337,"train/grad_norm_module.blocks.9.norm2":0.0020365831244965565,"train/grad_norm_module.blocks.1.attn.proj":0.11516223620202704,"train/grad_norm_module.blocks.6.norm1":0.002309949000886498,"train/grad_norm_module.blocks.9.mlp.fc2":0.07277457664187666,"train/grad_norm_module.blocks.6.mlp.fc1":0.08030781665739588,"train/grad_norm_module.blocks.5.mlp.fc1":0.08728853375091304,"train/epoch":0,"train/grad_norm_module.blocks.5.mlp.fc2":0.09586602528023609,"train/grad_norm_module.blocks.9.mlp.fc1":0.06929437916320218,"train/grad_norm_module.blocks.4.attn.qkv":0.06331406294189508,"train/grad_norm_module.blocks.10.norm2":0.002283848068710054,"train/grad_norm_total":0.8227839424378647,"train/grad_norm_module.blocks.2.attn.qkv":0.07058303741495534,"train/grad_norm_module.norm":0.009336799497095656,"train/grad_norm_module.blocks.1.attn.qkv":0.09914067069543278,"train/grad_norm_module.blocks.0.norm1":0.013352414643920127,"train/grad_norm_module.blocks.4.mlp.fc2":0.10720586365873866,"train/grad_norm_module.blocks.11.mlp.fc2":0.07008129305373961,"train/grad_norm_module.blocks.0.mlp.fc2":0.20587703196543405,"train/grad_norm_module.blocks.4.attn.proj":0.0669788574707527,"train/grad_norm_module.blocks.7.mlp.fc2":0.08618235596318649,"train/grad_norm_module.blocks.6.norm2":0.002562849714780061,"train/grad_norm_module.blocks.7.attn.qkv":0.043330379447964744,"train/grad_norm_module.blocks.7.attn.proj":0.05487250185531924,"train/grad_norm_module.blocks.8.attn.qkv":0.042716201177318586,"train/grad_norm_module.blocks.11.norm2":0.0024350606624606135,"train/grad_norm_module.blocks.4.norm1":0.002989194006004973,"train/grad_norm_module.blocks.8.attn.proj":0.04822677270336356,"train/grad_norm_module.blocks.2.norm2":0.004162854160129602,"train/grad_norm_module.blocks.4.mlp.fc1":0.09886625396163123,"train/loss":2.118981122970581,"train/grad_norm_module.blocks.6.attn.qkv":0.050241972347368366,"train/grad_norm_module.blocks.1.norm2":0.004808696108036204,"train/grad_norm_module.blocks.0.attn.proj":0.23379338986153828,"_timestamp":1.736059513670233e+09,"train/grad_norm_module.blocks.10.mlp.fc2":0.07581131903073013,"train/grad_norm_module.blocks.5.norm1":0.002582664496291984,"train/grad_norm_module.blocks.10.attn.qkv":0.03857094434969358,"train/grad_norm_module.blocks.5.attn.proj":0.06702581489750065,"train/grad_norm_module.blocks.11.attn.qkv":0.03887354453720361,"train/grad_norm_module.blocks.7.norm2":0.00259154382814896,"_runtime":8.818235862,"train/grad_norm_module.blocks.6.attn.proj":0.05525104198512495,"train/grad_norm_module.blocks.3.mlp.fc2":0.11166112025097566,"train/grad_norm_module.blocks.3.attn.proj":0.07222925999218209,"train/grad_norm_module.blocks.1.mlp.fc2":0.1531179280625499,"train/grad_norm_module.blocks.0.mlp.fc1":0.19701677464477524,"train/grad_norm_module.patch_embed.proj":0.287284368149222,"train/grad_norm_module.blocks.10.mlp.fc1":0.07140275080322975,"train/grad_norm_module.blocks.2.norm1":0.0036670303954539473,"train/grad_norm_module.blocks.2.mlp.fc1":0.11576116816501297,"train/grad_norm_module.blocks.0.norm2":0.006395521455683327,"train/grad_norm_module.blocks.2.mlp.fc2":0.12139034465665674,"train/grad_norm_module.blocks.4.norm2":0.0032648104051618914,"train/grad_norm_module.blocks.1.mlp.fc1":0.1563895711581822,"train/lr":1e-05,"_step":47,"train/grad_norm_module.blocks.3.attn.qkv":0.06334850978830137,"train/grad_norm_module.blocks.11.attn.proj":0.0437868481560757,"train/grad_norm_module.blocks.1.norm1":0.005532857446782847,"train/grad_norm_module.blocks.11.mlp.fc1":0.07005519782178292,"train/grad_norm_module.blocks.0.attn.qkv":0.21904420409238354,"train/grad_norm_module.blocks.8.mlp.fc2":0.08432279176252967,"train/grad_norm_module.blocks.5.attn.qkv":0.05485259635087143,"_wandb":{"runtime":8},"train/param_norm":83.71399367575594,"train/grad_norm_module.blocks.8.mlp.fc1":0.08255203896209108,"train/step":24,"train/grad_norm_module.blocks.2.attn.proj":0.08435476544432452,"train/grad_norm_module.blocks.3.norm1":0.0036062963718932572,"train/grad_norm_module.blocks.8.norm1":0.0018347388459361547,"train/grad_norm_module.blocks.7.mlp.fc1":0.08204402838664167,"train/grad_norm_module.blocks.3.mlp.fc1":0.10252839683305622,"train/grad_norm_module.blocks.3.norm2":0.0037363977800460263,"train/grad_norm_module.blocks.7.norm1":0.0020750334309094145,"train/grad_norm_module.blocks.6.mlp.fc2":0.08411057563635799,"train/grad_norm_module.blocks.9.attn.proj":0.04829802915075156,"train/grad_norm_module.blocks.10.attn.proj":0.04133833468740468,"train/grad_norm_module.blocks.8.norm2":0.0025628010956646337,"train/grad_norm_module.blocks.9.attn.qkv":0.043989609071793355,"train/grad_norm_module.head":0.27498659853292756,"train/grad_norm_module.blocks.9.norm1":0.001862302938625411,"train/grad_norm_module.blocks.5.norm2":0.0031186933216335168}