{"train_grad_norm/module.blocks.5.mlp.fc2":0.11809278706793773,"train_grad_norm/module.blocks.1.attn.qkv":0.25099431942320893,"train_grad_norm/module.blocks.6.mlp.fc2":0.10556204773649126,"train_grad_norm/module.blocks.0.attn.proj":0.5600995797889594,"train_grad_norm/module.blocks.3.norm1":0.004971301350697619,"lr":3.899999999999999e-05,"train_grad_norm/module.blocks.2.norm2":0.004955607765004987,"train_grad_norm/module.blocks.9.attn.proj":0.060963816829968286,"train_grad_norm/module.blocks.8.mlp.fc2":0.0990207515299789,"train/epoch":2,"train_grad_norm/module.blocks.2.mlp.fc1":0.1764483110961035,"train/lr":6.799999999999999e-05,"train_grad_norm/module.blocks.7.mlp.fc2":0.10650267686400666,"_wandb":{"runtime":21},"train_grad_norm/module.blocks.9.norm2":0.002696582437692118,"train_grad_norm/module.blocks.4.attn.qkv":0.10000716791338388,"_runtime":20.871315032,"train_grad_norm/module.norm":0.014841261737439953,"eval_top5":81.72999936523438,"train_grad_norm/module.blocks.3.mlp.fc1":0.1389644367645654,"train_grad_norm/module.blocks.0.norm2":0.012090655356295906,"train_grad_norm/module.blocks.2.attn.proj":0.16746910256582845,"train_grad_norm/module.blocks.8.mlp.fc1":0.09638639555039369,"train_grad_norm/module.blocks.6.norm1":0.002659245029315649,"train_grad_norm/module.blocks.11.attn.qkv":0.05193506113503745,"train_grad_norm/module.blocks.6.attn.qkv":0.07004422369918525,"train_grad_norm/module.blocks.9.mlp.fc1":0.08983125655272642,"train_grad_norm/module.head":0.47785746020846703,"train_grad_norm/module.blocks.10.attn.qkv":0.05469425098594068,"train_grad_norm/module.blocks.2.mlp.fc2":0.17942192836940146,"train_grad_norm/module.blocks.7.attn.proj":0.08099428205535109,"train_grad_norm/module.blocks.11.mlp.fc1":0.08523845940208681,"train_grad_norm/module.blocks.7.norm2":0.002989800910418226,"train_grad_norm/module.blocks.10.mlp.fc1":0.0854582779322728,"eval_top1":28.829999801635743,"_step":105,"train_grad_norm/module.blocks.8.norm1":0.00243642748958969,"train_grad_norm/module.blocks.5.norm2":0.003854470327964227,"train_grad_norm/module":0.31503827528145495,"train_grad_norm/module.blocks.1.norm2":0.007132990505970462,"train_grad_norm/module.blocks.7.mlp.fc1":0.0991013938095463,"train_grad_norm/module.blocks.10.norm1":0.0021918125456600987,"train_grad_norm/module.blocks.10.attn.proj":0.058697810708759464,"epoch":1,"eval_loss":1.971431667137146,"train_grad_norm/module.blocks.1.attn.proj":0.25706736273997016,"train_grad_norm/module.blocks.4.mlp.fc1":0.12430130118130639,"train_grad_norm/module.blocks.5.norm1":0.0034390800029729797,"train_grad_norm/module.blocks.0.norm1":0.02405364441825902,"train_grad_norm/module.patch_embed.proj":1.2008165667952448,"train_grad_norm/module.blocks.4.norm2":0.004220889167994089,"train_grad_norm/module.blocks.9.norm1":0.0024250803627177834,"train_grad_norm/module.blocks.9.mlp.fc2":0.09485461417609865,"train_grad_norm/module.blocks.3.mlp.fc2":0.14539729234825208,"train_grad_norm/module.blocks.4.mlp.fc2":0.1275167683314419,"train_grad_norm/module.blocks.10.mlp.fc2":0.09187232632756737,"train_grad_norm/module.blocks.3.attn.proj":0.12628358774754742,"train_grad_norm/module.blocks.9.attn.qkv":0.054540486480882715,"train_grad_norm/module.blocks.11.norm1":0.0021450398980393712,"train_grad_norm/module.blocks.2.norm1":0.005702572099752365,"train_grad_norm/module.blocks.6.norm2":0.003138239197321711,"train_grad_norm/module.blocks.3.attn.qkv":0.12246982007909663,"train_grad_norm/module.blocks.1.norm1":0.00926174752579232,"train_grad_norm/module.blocks.0.mlp.fc2":0.3860454748921146,"train_grad_norm/module.blocks.6.mlp.fc1":0.1051048743972404,"train_grad_norm/total":1.893877413417059,"train_grad_norm/module.blocks.11.norm2":0.0026418552253682113,"train_grad_norm/module.blocks.1.mlp.fc2":0.23369538547846602,"train_grad_norm/module.blocks.7.attn.qkv":0.07473861098106523,"_timestamp":1.736060779480984e+09,"train_grad_norm/module.blocks.1.mlp.fc1":0.24213421002141877,"train_loss":2.219977378845215,"train_grad_norm/module.blocks.4.attn.proj":0.10331458090510615,"train_grad_norm/module.blocks.2.attn.qkv":0.170157256589876,"train_grad_norm/module.blocks.4.norm1":0.003786934653654592,"train/step":52,"train_grad_norm/module.blocks.11.mlp.fc2":0.09119208861235736,"train_grad_norm/module.blocks.7.norm1":0.0027989030666834467,"train_grad_norm/module.blocks.8.attn.qkv":0.05882541044642507,"train_grad_norm/module.blocks.0.attn.qkv":0.7063346880046673,"train_grad_norm/module.blocks.8.attn.proj":0.06394540177639732,"train_grad_norm/module.blocks.3.norm2":0.004434652701877607,"train_param_norm":83.71467519402857,"train_grad_norm/module.blocks.5.attn.proj":0.09270232411874252,"train_grad_norm/module.blocks.10.norm2":0.0027924970330432826,"train_grad_norm/module.blocks.0.mlp.fc1":0.4022587853268139,"train_grad_norm/module.blocks.8.norm2":0.003179042037914991,"train_grad_norm/module.blocks.5.mlp.fc1":0.11757808271340074,"train_grad_norm/module.blocks.6.attn.proj":0.0834753977651565,"train_grad_norm/module.blocks.5.attn.qkv":0.08727109611746783,"train_grad_norm/module.blocks.11.attn.proj":0.061398342987710186}