{"train_grad_norm/module.blocks.2.mlp.fc1":0.04735447952341268,"train_grad_norm/module.blocks.6.mlp.fc1":0.029852810896528605,"train_grad_norm/module.blocks.11.attn.proj":0.022079199451702516,"_timestamp":1.7360608324558625e+09,"train_grad_norm/module.blocks.0.norm2":0.0041829945883473385,"train_grad_norm/module.blocks.10.attn.qkv":0.02073718541711429,"train_grad_norm/module.blocks.2.norm1":0.001720560155255845,"_runtime":43.539876762,"train_grad_norm/module.blocks.9.norm1":0.0008016629480007298,"train_grad_norm/module.blocks.9.norm2":0.0009051502010531993,"train_grad_norm/module.blocks.4.norm1":0.001077521705747022,"train_grad_norm/module.blocks.8.attn.proj":0.020852966956824464,"train_grad_norm/module.blocks.0.attn.proj":0.1409284981099181,"train_grad_norm/module.blocks.6.norm1":0.0009899401284672409,"train_grad_norm/module.blocks.5.attn.proj":0.025077503363061294,"train_loss":2.1793012619018555,"train_grad_norm/module.blocks.8.norm2":0.0010044252951834027,"train_grad_norm/module.blocks.7.norm1":0.0007733315105440245,"train_grad_norm/module.blocks.4.attn.proj":0.026847627634081276,"train_grad_norm/module.blocks.3.mlp.fc2":0.0411531983093425,"train_grad_norm/module.blocks.10.attn.proj":0.020644641603894034,"train_grad_norm/module.blocks.6.attn.proj":0.02492002085197669,"train_grad_norm/module.blocks.9.mlp.fc1":0.026626042667352808,"train_grad_norm/module.blocks.8.mlp.fc1":0.02778895574507853,"eval_top1":31.760000103759765,"train_grad_norm/module.blocks.1.norm1":0.003011646917153445,"train_grad_norm/module.blocks.9.attn.qkv":0.02258793420782023,"train_grad_norm/module.blocks.0.mlp.fc1":0.09719807482591208,"train_grad_norm/module.blocks.11.mlp.fc2":0.026514030099127967,"train_grad_norm/module.blocks.3.attn.qkv":0.02975816338233415,"train_grad_norm/module.head":0.3322508778693555,"train_param_norm":83.82127424585906,"train_grad_norm/module.norm":0.009365859615704056,"train_grad_norm/module.blocks.8.norm1":0.0006795666459261526,"train_grad_norm/module.blocks.10.norm1":0.0006558480886226528,"train_grad_norm/module.blocks.5.mlp.fc1":0.03166650537868455,"train_grad_norm/module.blocks.8.attn.qkv":0.01980911838581807,"train_grad_norm/module.blocks.7.attn.proj":0.02240058416664594,"train_grad_norm/module.blocks.1.attn.qkv":0.06498135485925362,"train_grad_norm/module.blocks.5.attn.qkv":0.025562920267101854,"train_grad_norm/module.blocks.9.mlp.fc2":0.027761189910107453,"train_grad_norm/module.blocks.8.mlp.fc2":0.027982082671228637,"train_grad_norm/module.blocks.4.mlp.fc1":0.03341086496717225,"train_grad_norm/module.blocks.10.mlp.fc2":0.026227333203427967,"train_grad_norm/module.blocks.4.attn.qkv":0.027419818304684665,"train_grad_norm/module.blocks.5.norm2":0.0011489846658411082,"train_grad_norm/module.blocks.7.attn.qkv":0.02052356643430534,"train_grad_norm/module.blocks.1.mlp.fc1":0.06599606421579832,"train_grad_norm/total":0.6127265080103871,"train_grad_norm/module.blocks.7.norm2":0.0009864717431048054,"train_grad_norm/module.blocks.11.attn.qkv":0.021451012601785464,"train_grad_norm/module.blocks.3.attn.proj":0.031052625257155315,"train_grad_norm/module.blocks.6.attn.qkv":0.024611691237852007,"_step":243,"eval_top5":85.32999932861328,"train_grad_norm/module.blocks.1.mlp.fc2":0.0668099725434412,"eval_loss":1.8780286205291747,"train_grad_norm/module.blocks.10.mlp.fc1":0.02467981174647797,"train_grad_norm/module.blocks.3.norm1":0.00137518880470999,"train_grad_norm/module.blocks.4.mlp.fc2":0.03452757783632617,"train/epoch":4,"train_grad_norm/module.blocks.2.norm2":0.0021941903846963325,"train_grad_norm/module.blocks.7.mlp.fc1":0.026633826685905405,"train_grad_norm/module.patch_embed.proj":0.37835693347490534,"train_grad_norm/module.blocks.11.norm1":0.0006440849732075183,"train_grad_norm/module.blocks.5.norm1":0.0010469106191180423,"train_grad_norm/module.blocks.6.mlp.fc2":0.030311335292455555,"train_grad_norm/module.blocks.6.norm2":0.0009541795900552131,"train_grad_norm/module.blocks.3.norm2":0.0016130196490928474,"train_grad_norm/module.blocks.0.mlp.fc2":0.09864643884012503,"epoch":3,"train_grad_norm/module.blocks.1.norm2":0.0028302630798803913,"train_grad_norm/module.blocks.7.mlp.fc2":0.02770012522784768,"train_grad_norm/module":0.08151297037303162,"train_grad_norm/module.blocks.3.mlp.fc1":0.04072133055974695,"train_grad_norm/module.blocks.2.attn.proj":0.04162254019055733,"train_grad_norm/module.blocks.5.mlp.fc2":0.03226902576196411,"lr":0.000307,"train_grad_norm/module.blocks.2.mlp.fc2":0.04812708555906088,"train_grad_norm/module.blocks.2.attn.qkv":0.04028174387000311,"train_grad_norm/module.blocks.9.attn.proj":0.020230466546837172,"train_grad_norm/module.blocks.4.norm2":0.0012578157604759461,"train_grad_norm/module.blocks.11.mlp.fc1":0.025796217101637035,"train_grad_norm/module.blocks.10.norm2":0.0008873326204001394,"train_grad_norm/module.blocks.11.norm2":0.0009334356990094348,"train_grad_norm/module.blocks.0.attn.qkv":0.1545800440620699,"train/step":120,"train/lr":0.000406,"train_grad_norm/module.blocks.0.norm1":0.0058166417452828086,"train_grad_norm/module.blocks.1.attn.proj":0.06462378779546311,"_wandb":{"runtime":43}}