{"train/grad_norm_module.blocks.8.norm1":0.0030371447342592123,"train/grad_norm_module.blocks.1.attn.proj":0.3941257386513549,"train/grad_norm_module.blocks.0.mlp.fc2":0.5627241178475437,"train/grad_norm_module.blocks.4.mlp.fc1":0.15346349113219226,"train/grad_norm_module.blocks.5.norm2":0.004413435825576158,"train/grad_norm_module.blocks.2.norm2":0.008740044072287418,"train/grad_norm_module.blocks.10.norm1":0.0028313810891666268,"train/grad_norm_module.blocks.4.attn.proj":0.12652539570019278,"train/grad_norm_module.blocks.3.norm2":0.006979658871334307,"train/grad_norm_module.blocks.6.norm2":0.004261220660253372,"train/grad_norm_module.blocks.7.attn.proj":0.08167237965987745,"train/grad_norm_module.blocks.10.attn.qkv":0.060348284178072774,"train/grad_norm_module.blocks.3.attn.qkv":0.14637990403320852,"train/grad_norm_module.blocks.4.norm1":0.0056430299732689,"train/grad_norm_module.blocks.1.attn.qkv":0.3776520466279301,"eval_top5":83.85999913330078,"train/grad_norm_module.blocks.11.mlp.fc2":0.09250705175532856,"_timestamp":1.7360595886583617e+09,"train/grad_norm_module.blocks.6.mlp.fc2":0.12464789596624316,"train/grad_norm_module.blocks.4.mlp.fc2":0.16545203889098187,"train/grad_norm_module.blocks.9.norm2":0.003122411971614804,"train/grad_norm_module.blocks.9.attn.proj":0.0693038885936319,"train/grad_norm_module.blocks.9.attn.qkv":0.06701784115212761,"train/grad_norm_module.blocks.10.norm2":0.0030704760854333526,"train/grad_norm_module.blocks.4.norm2":0.006075868928621603,"train/grad_norm_module.blocks.2.mlp.fc1":0.23217853261413485,"_wandb":{"runtime":49},"train/grad_norm_module.blocks.9.mlp.fc1":0.0929544257811168,"train/grad_norm_module.blocks.5.attn.proj":0.1058120193850184,"train/grad_norm_module.head":0.5264064641571512,"train/grad_norm_module.blocks.1.norm2":0.011603531161633995,"train/grad_norm_module.blocks.8.attn.qkv":0.06425061111434507,"train/grad_norm_module.blocks.8.norm2":0.0036550309475853974,"train/loss":2.138432025909424,"train/grad_norm_module.blocks.7.norm2":0.004099621907719412,"train/grad_norm_module.blocks.3.mlp.fc1":0.18242942457804975,"_step":268,"train/grad_norm_module.blocks.7.attn.qkv":0.0769785102699328,"train/grad_norm_module.blocks.3.mlp.fc2":0.19200151984798994,"train/grad_norm_module.blocks.11.mlp.fc1":0.08857822757152471,"train/grad_norm_module.blocks.2.norm1":0.009523270151056399,"train/epoch":5,"train/lr":5.5e-05,"train/grad_norm_module.blocks.0.norm2":0.022411710431902366,"train/grad_norm_module.blocks.5.mlp.fc2":0.13004501450176115,"train/grad_norm_module":0.6353991619938058,"train/grad_norm_module.blocks.0.attn.proj":0.8376409340843077,"train/grad_norm_module.blocks.1.norm1":0.016937487451505362,"train/grad_norm_module.blocks.11.attn.qkv":0.05810032624759822,"train/grad_norm_module.blocks.8.attn.proj":0.07167908531578951,"train/step":132,"train/grad_norm_module.blocks.5.norm1":0.005054597830883855,"train/grad_norm_module.blocks.7.mlp.fc1":0.10940341505575273,"train/grad_norm_module.blocks.8.mlp.fc2":0.10467201975856694,"eval_top1":32.14000018615722,"train/grad_norm_module.blocks.11.norm1":0.0024871114826687966,"train/grad_norm_module.blocks.6.attn.proj":0.09637118443685741,"train/grad_norm_module.blocks.3.norm1":0.007399411425336973,"train/grad_norm_module.blocks.4.attn.qkv":0.11737284307583432,"train/grad_norm_module.blocks.5.attn.qkv":0.09536410718654573,"train/grad_norm_module.blocks.6.attn.qkv":0.08289619480428656,"train/grad_norm_module.blocks.10.mlp.fc1":0.08892420935486765,"train/grad_norm_module.blocks.2.mlp.fc2":0.23952264727172679,"train/grad_norm_module.blocks.6.norm1":0.004093778229992472,"_runtime":49.645588412,"train/grad_norm_module.blocks.10.attn.proj":0.06269648858896464,"train/grad_norm_module.blocks.7.norm1":0.0039624659125960604,"train/grad_norm_total":3.0941718532615723,"train/grad_norm_module.patch_embed.proj":2.2923226315481755,"train/grad_norm_module.blocks.2.attn.qkv":0.21728112066606556,"train/grad_norm_module.norm":0.016076790438699903,"train/grad_norm_module.blocks.9.norm1":0.0032385033691173276,"train/grad_norm_module.blocks.5.mlp.fc1":0.1246361829087638,"train/grad_norm_module.blocks.8.mlp.fc1":0.10162738627185203,"train/param_norm":83.7243267824991,"train/grad_norm_module.blocks.1.mlp.fc2":0.33180240765115226,"train/grad_norm_module.blocks.3.attn.proj":0.1539633068676682,"train/grad_norm_module.blocks.1.mlp.fc1":0.3381414405524481,"train/grad_norm_module.blocks.0.norm1":0.04824880422177087,"train/grad_norm_module.blocks.11.norm2":0.0027600476983763085,"train_loss":2.1473612785339355,"train/grad_norm_module.blocks.10.mlp.fc2":0.09455039634530425,"train/grad_norm_module.blocks.2.attn.proj":0.23441224768861915,"train/grad_norm_module.blocks.0.mlp.fc1":0.583102915313205,"epoch":4,"train/grad_norm_module.blocks.9.mlp.fc2":0.10626615398068634,"train/grad_norm_module.blocks.7.mlp.fc2":0.11672586697491089,"lr":4.6e-05,"train/grad_norm_module.blocks.11.attn.proj":0.06548917339717078,"eval_loss":1.8969862728118896,"train/grad_norm_module.blocks.0.attn.qkv":1.04847086539795,"train/grad_norm_module.blocks.6.mlp.fc1":0.11823980505360594}