{"train/grad_norm_module.blocks.10.mlp.fc1":0.07055776406463808,"train/grad_norm_module.blocks.11.mlp.fc1":0.06892333691553879,"train/grad_norm_module.blocks.0.mlp.fc2":0.4965403394865257,"train/grad_norm_module.blocks.2.norm1":0.010383817341656883,"train/grad_norm_module.blocks.9.norm1":0.0033256194438301403,"train/grad_norm_module.blocks.2.mlp.fc2":0.23354420656360722,"train/grad_norm_module.blocks.3.norm2":0.0073614463629992615,"train/grad_norm_module.blocks.11.mlp.fc2":0.07069830943811005,"train/grad_norm_module.blocks.2.norm2":0.010110200674869127,"train/grad_norm_module.blocks.4.attn.qkv":0.13018810347214615,"train/grad_norm_module.blocks.7.mlp.fc2":0.08915041823961091,"train/grad_norm_module.blocks.4.mlp.fc2":0.1524983703342645,"train/grad_norm_module.blocks.10.norm1":0.003898717942797389,"_timestamp":1.736060678105877e+09,"_runtime":157.026541259,"train/grad_norm_module.blocks.0.norm1":0.032625836223991525,"_wandb":{"runtime":157},"train/grad_norm_module.norm":0.014329796257644384,"train/grad_norm_module.blocks.10.norm2":0.0030830217312454353,"train/grad_norm_module.blocks.6.attn.proj":0.10004246951177169,"train_loss":2.0101242065429688,"train/grad_norm_module.blocks.7.norm2":0.0038586973412497692,"eval_top5":91.790000390625,"train/grad_norm_module.blocks.1.norm2":0.01341997645906868,"train/grad_norm_module.blocks.0.attn.qkv":0.7959943717069755,"train/grad_norm_module.blocks.0.mlp.fc1":0.4802379772794576,"train/param_norm":83.92829561492087,"train/grad_norm_module.blocks.5.mlp.fc2":0.13370434161433262,"train/grad_norm_module.blocks.11.norm1":0.0026352857781902356,"train/grad_norm_module.blocks.5.norm1":0.0060225375538485604,"train/grad_norm_module.blocks.8.attn.proj":0.05653292029271307,"train/grad_norm_module.blocks.4.mlp.fc1":0.14823870925670293,"train/grad_norm_module.patch_embed.proj":2.665269295240632,"train/grad_norm_module.blocks.5.mlp.fc1":0.1291809455813973,"train/grad_norm_module.blocks.3.attn.qkv":0.10718703506022852,"train/epoch":17,"train/grad_norm_module.blocks.2.attn.qkv":0.1855029794529365,"eval_loss":1.545375177001953,"train/grad_norm_module.blocks.9.mlp.fc1":0.07725860874233312,"train/grad_norm_module.blocks.0.norm2":0.019185333748818686,"train/grad_norm_module.blocks.6.norm1":0.006805245153741811,"train/grad_norm_module.blocks.2.attn.proj":0.19406433914233095,"train/grad_norm_module.blocks.0.attn.proj":0.6635274906106826,"train/grad_norm_module.blocks.10.attn.proj":0.05828332419696572,"train/grad_norm_module.blocks.9.mlp.fc2":0.08328237317801068,"train/grad_norm_module.blocks.6.norm2":0.00433664625005424,"train/grad_norm_module.blocks.8.norm1":0.0031932824690456326,"train/grad_norm_module.blocks.7.attn.proj":0.0630087632711267,"train/grad_norm_module.blocks.11.norm2":0.0029323361094062464,"epoch":17,"train/grad_norm_module.blocks.11.attn.proj":0.044380157282856623,"train/grad_norm_module.head":0.3882489501727367,"train/loss":2.0651283264160156,"train/grad_norm_total":3.160785913881066,"train/grad_norm_module.blocks.8.norm2":0.003305736246223219,"train/grad_norm_module.blocks.3.attn.proj":0.129647083226525,"train/grad_norm_module.blocks.8.mlp.fc2":0.0865534264324346,"train/grad_norm_module.blocks.5.norm2":0.005307503010036809,"train/grad_norm_module.blocks.5.attn.qkv":0.09217786655921016,"train/grad_norm_module.blocks.6.mlp.fc2":0.10616707268862449,"train/grad_norm_module.blocks.8.attn.qkv":0.05410138634341661,"train/grad_norm_module.blocks.8.mlp.fc1":0.08169102624532364,"train/lr":9.92097803984621e-05,"train/grad_norm_module.blocks.4.norm2":0.00591905425496048,"train/grad_norm_module.blocks.5.attn.proj":0.09264596276979693,"train/grad_norm_module.blocks.7.mlp.fc1":0.08635016238432179,"train/grad_norm_module.blocks.9.norm2":0.0031578900200032877,"train/grad_norm_module.blocks.3.mlp.fc2":0.1945290546337208,"train/grad_norm_module.blocks.4.norm1":0.007119009583779936,"train/grad_norm_module.blocks.6.attn.qkv":0.10676772319851618,"lr":9.92097803984621e-05,"train/grad_norm_module.blocks.11.attn.qkv":0.045389475239328514,"train/grad_norm_module.blocks.1.norm1":0.01720485731097706,"eval_top1":46.710000146484376,"train/grad_norm_module.blocks.1.attn.qkv":0.3769697829079086,"train/grad_norm_module.blocks.3.norm1":0.0068607577134194644,"train/grad_norm_module.blocks.10.attn.qkv":0.06340840486119573,"train/grad_norm_module.blocks.7.norm1":0.0034164344064351207,"train/grad_norm_module":0.423573314493526,"train/grad_norm_module.blocks.7.attn.qkv":0.054850554704190174,"train/grad_norm_module.blocks.1.mlp.fc1":0.30573567402814245,"_step":881,"train/grad_norm_module.blocks.2.mlp.fc1":0.221431377669547,"train/grad_norm_module.blocks.9.attn.qkv":0.04978381801080096,"train/grad_norm_module.blocks.6.mlp.fc1":0.10296027793481227,"train/grad_norm_module.blocks.3.mlp.fc1":0.18702090092063978,"train/step":432,"train/grad_norm_module.blocks.1.mlp.fc2":0.30919133240326574,"train/grad_norm_module.blocks.10.mlp.fc2":0.07483995851069006,"train/grad_norm_module.blocks.9.attn.proj":0.05125200157692451,"train/grad_norm_module.blocks.4.attn.proj":0.12592745396106989,"train/grad_norm_module.blocks.1.attn.proj":0.3599843898896545}