{"train/grad_norm_module.blocks.11.mlp.fc2.bias":0.020612791180610657,"train/epoch":0,"train/grad_norm_module.blocks.2.norm1.weight":0.0013278477126732469,"train/grad_norm_module.blocks.4.norm2.weight":0.001882310607470572,"train/grad_norm_module.blocks.2.norm2.bias":0.003339685034006834,"train/grad_norm_module.blocks.2.mlp.fc1.bias":0.011923653073608875,"train/grad_norm_module.blocks.8.mlp.fc2.bias":0.025491176173090935,"train/grad_norm_module.blocks.10.mlp.fc2.bias":0.022912606596946716,"train/grad_norm_module.patch_embed.proj.weight":0.2819802165031433,"train/grad_norm_module.blocks.5.attn.qkv.bias":0.007891354151070118,"train/grad_norm_module.blocks.7.norm2.bias":0.002042482839897275,"train/param_norm":83.71399381759639,"train/grad_norm_module.blocks.1.attn.proj.bias":0.061068546026945114,"train/grad_norm_module.blocks.6.mlp.fc2.bias":0.02475477010011673,"train/grad_norm_module.blocks.1.mlp.fc1.weight":0.15572945773601532,"train/grad_norm_module.patch_embed.proj.bias":0.0550699383020401,"train/grad_norm_module.blocks.6.attn.qkv.bias":0.00747612863779068,"train/grad_norm_module.blocks.10.attn.qkv.weight":0.038079600781202316,"train/grad_norm_module.blocks.9.mlp.fc1.weight":0.06905055791139603,"train/grad_norm_module.blocks.4.attn.proj.weight":0.05827135592699051,"train/step":24,"_timestamp":1.7360585503153e+09,"train/grad_norm_module.blocks.3.mlp.fc2.weight":0.10655064880847931,"train/grad_norm_module.blocks.9.attn.qkv.bias":0.006437252275645733,"train/grad_norm_module.blocks.5.norm1.bias":0.0023710739333182573,"train/grad_norm_module.head.weight":0.27374735474586487,"train/grad_norm_module.blocks.0.mlp.fc1.weight":0.19620372354984283,"train/grad_norm_module.blocks.7.norm2.weight":0.001595402485691011,"train/grad_norm_module.blocks.1.attn.proj.weight":0.0976443737745285,"train/grad_norm_module.blocks.5.attn.qkv.weight":0.05428475886583328,"train/grad_norm_module.blocks.2.attn.qkv.weight":0.0694807693362236,"train/grad_norm_module.blocks.7.norm1.weight":0.0007279298733919859,"train/grad_norm_module.blocks.0.mlp.fc2.weight":0.19555266201496124,"train/grad_norm_module.blocks.3.attn.qkv.bias":0.01088322326540947,"train_loss/epoch":2.236109733581543,"train/grad_norm_module.blocks.3.attn.proj.weight":0.06073896586894989,"train/grad_norm_module.blocks.10.norm1.weight":0.0007773112738505006,"train/grad_norm_module.blocks.0.mlp.fc2.bias":0.06445608288049698,"train/grad_norm_module.blocks.5.mlp.fc2.bias":0.030723653733730316,"_step":48,"train/grad_norm_module.blocks.6.attn.qkv.weight":0.049683596938848495,"train/grad_norm_module.blocks.3.mlp.fc1.weight":0.10209217667579651,"train/grad_norm_module.blocks.3.attn.qkv.weight":0.06240887939929962,"train/grad_norm_module.blocks.11.mlp.fc1.weight":0.06976638734340668,"train/grad_norm_module.blocks.4.attn.proj.bias":0.03303263708949089,"train/grad_norm_module.blocks.1.norm1.bias":0.005166835617274046,"train/grad_norm_module.blocks.6.norm2.weight":0.001614901004359126,"_wandb":{"runtime":10},"train/grad_norm_module.blocks.2.mlp.fc1.weight":0.11514629423618317,"train/grad_norm_module.blocks.7.attn.proj.weight":0.048838060349226,"train/grad_norm_module.blocks.2.norm2.weight":0.002485450590029359,"train/grad_norm_module.blocks.3.norm1.bias":0.003401687601581216,"train/grad_norm_module.blocks.11.mlp.fc2.weight":0.06698326021432877,"train/grad_norm_module.blocks.4.norm1.weight":0.0014522388810291886,"train/grad_norm_module.blocks.0.mlp.fc1.bias":0.01814080774784088,"train/grad_norm_module.blocks.9.attn.proj.weight":0.041738852858543396,"train/grad_norm_module.blocks.2.attn.qkv.bias":0.012419624254107475,"train/grad_norm_module.blocks.6.attn.proj.weight":0.04828910902142525,"train/grad_norm_module.blocks.1.mlp.fc2.bias":0.048897720873355865,"train/grad_norm_module.blocks.8.norm2.weight":0.001513138529844582,"train/grad_norm_module.blocks.11.attn.proj.bias":0.021485844627022743,"train/grad_norm_module.head.bias":0.026195617392659187,"train/grad_norm_module.blocks.3.norm2.weight":0.0021754626650363207,"train/grad_norm_module.blocks.10.mlp.fc1.weight":0.07110641896724701,"train/grad_norm_module.blocks.0.attn.qkv.weight":0.21474388241767883,"train/grad_norm_module.blocks.2.attn.proj.bias":0.04629717394709587,"train/grad_norm_module.blocks.5.norm2.weight":0.001860158983618021,"train/grad_norm_module.blocks.7.mlp.fc2.weight":0.08232302963733673,"train/grad_norm_module.blocks.2.attn.proj.weight":0.07051759213209152,"train/grad_norm_module.blocks.9.attn.qkv.weight":0.04351933300495148,"train/grad_norm_module.blocks.10.norm2.bias":0.0018025703029707074,"train/grad_norm_module.blocks.1.norm2.bias":0.003790917107835412,"train/grad_norm_module.blocks.4.attn.qkv.bias":0.009477930143475533,"train/grad_norm_module.blocks.5.mlp.fc2.weight":0.09081172198057175,"train/grad_norm_module.blocks.3.mlp.fc2.bias":0.03340340033173561,"train/grad_norm_module.blocks.4.mlp.fc1.bias":0.009407809004187584,"train/grad_norm_module.blocks.10.attn.proj.weight":0.03536497429013252,"train/grad_norm_module.blocks.3.norm1.weight":0.0011984574375674129,"train/grad_norm_module.blocks.3.attn.proj.bias":0.03909340500831604,"train/grad_norm_module.blocks.9.mlp.fc2.weight":0.07021349668502808,"train/grad_norm_module.blocks.8.mlp.fc1.weight":0.08220663666725159,"train/grad_norm_module.blocks.9.attn.proj.bias":0.024307116866111755,"train/grad_norm_module.blocks.11.norm2.weight":0.0015286816051229835,"train/grad_norm_module.blocks.1.mlp.fc2.weight":0.1451052725315094,"train/grad_norm_module.blocks.1.mlp.fc1.bias":0.014512477442622185,"train_params_norm/epoch":83.71398561634301,"train/grad_norm_module.blocks.4.attn.qkv.weight":0.06260331720113754,"train/grad_norm_module.norm.weight":0.0058849873021245,"train/grad_norm_module.blocks.5.norm1.weight":0.0010242423741146922,"train/grad_norm_module.blocks.7.attn.qkv.bias":0.006803096737712622,"train/grad_norm_module.blocks.9.norm2.weight":0.0013221497647464275,"train/grad_norm_module.blocks.10.mlp.fc1.bias":0.006548554170876741,"train/grad_norm_module.blocks.9.norm1.bias":0.0016203050035983324,"train/grad_norm_module.blocks.11.norm1.bias":0.0016420201864093542,"train/grad_norm_module.blocks.1.attn.qkv.bias":0.017861835658550262,"train/grad_norm_module.blocks.9.mlp.fc2.bias":0.0191456638276577,"train/grad_norm_module.blocks.6.mlp.fc1.weight":0.07996473461389542,"train/grad_norm_module.blocks.2.mlp.fc2.weight":0.11449763923883438,"train/grad_norm_total":0.8228449661042374,"train/grad_norm_module.blocks.7.attn.qkv.weight":0.04279547184705734,"train/grad_norm_module.blocks.7.mlp.fc1.bias":0.007591885048896074,"train/grad_norm_module.blocks.9.norm1.weight":0.0009181938949041069,"train/grad_norm_module.blocks.3.mlp.fc1.bias":0.009494151920080185,"train/grad_norm_module.blocks.2.norm1.bias":0.0034180849324911833,"train/grad_norm_module.blocks.0.norm2.weight":0.003656253218650818,"train/grad_norm_module.blocks.11.attn.qkv.weight":0.03834768012166023,"train/grad_norm_module.blocks.8.attn.qkv.weight":0.04229388013482094,"train/grad_norm_module.norm.bias":0.007249032147228718,"train/grad_norm_module.blocks.0.norm1.weight":0.004349670838564634,"train/grad_norm_module.blocks.1.norm2.weight":0.002959274686872959,"_runtime":10.257159378,"train/grad_norm_module.blocks.7.mlp.fc2.bias":0.02551320753991604,"train/grad_norm_module.blocks.11.norm1.weight":0.0008221399039030075,"train/grad_norm_module.blocks.9.mlp.fc1.bias":0.005836585536599159,"train/loss":2.1189959049224854,"train/grad_norm_module.pos_embed":0.1398431807756424,"train/grad_norm_module.blocks.10.attn.qkv.bias":0.006153711583465338,"train/grad_norm_module.blocks.0.attn.proj.bias":0.14638745784759521,"train/grad_norm_module.blocks.5.attn.proj.bias":0.03185020387172699,"train/grad_norm_module.blocks.10.attn.proj.bias":0.021409768611192703,"train/grad_norm_module.blocks.4.mlp.fc2.weight":0.10201240330934525,"train/grad_norm_module.blocks.8.attn.qkv.bias":0.006006833165884018,"train/grad_norm_module.blocks.3.norm2.bias":0.003038120688870549,