{"train/grad_norm_module.blocks.6.norm1.bias":0.0021328909788280725,"train/grad_norm_module.blocks.11.mlp.fc2.bias":0.0206120777875185,"_step":48,"train/grad_norm_module.blocks.1.attn.qkv.weight":0.09751637279987335,"train/grad_norm_module.blocks.0.attn.qkv.bias":0.0432809442281723,"train/grad_norm_module.blocks.1.attn.qkv.bias":0.017861418426036835,"_timestamp":1.7360585734049342e+09,"train/grad_norm_module.blocks.4.mlp.fc1.weight":0.09841664880514145,"train/grad_norm_module.blocks.3.norm1.bias":0.0034015935380011797,"train/grad_norm_module.blocks.7.attn.qkv.bias":0.00680295517668128,"train/grad_norm_module.blocks.9.attn.proj.bias":0.024305768311023712,"train/grad_norm_module.blocks.1.norm1.weight":0.0019804295152425766,"train/grad_norm_module.blocks.8.attn.proj.bias":0.022336184978485107,"eval_top5":78.88000102539063,"train/grad_norm_module.head.weight":0.2737372815608978,"train/grad_norm_module.blocks.8.attn.qkv.bias":0.006006380543112755,"train/grad_norm_module.blocks.8.mlp.fc1.bias":0.007579937111586332,"train/grad_norm_module.blocks.2.attn.proj.weight":0.07051721215248108,"train/grad_norm_module.blocks.2.attn.proj.bias":0.046297475695610046,"train/grad_norm_module.blocks.10.attn.qkv.bias":0.0061533791013062,"train/grad_norm_module.blocks.0.norm1.bias":0.012625743634998798,"train/grad_norm_module.blocks.2.mlp.fc2.bias":0.04033111408352852,"train/grad_norm_module.blocks.4.norm1.weight":0.0014521616976708174,"train/grad_norm_module.blocks.10.mlp.fc2.bias":0.022911446169018745,"train/grad_norm_module.blocks.8.norm2.weight":0.0015132395783439279,"train/grad_norm_module.blocks.3.attn.proj.weight":0.06073852255940437,"train/grad_norm_module.blocks.9.mlp.fc2.bias":0.019144641235470772,"train/grad_norm_module.blocks.11.norm2.bias":0.0018955121049657464,"train/grad_norm_module.blocks.10.norm1.weight":0.0007772531826049089,"train/grad_norm_module.blocks.3.norm2.weight":0.0021753187756985426,"train/grad_norm_module.blocks.6.mlp.fc2.bias":0.02475355565547943,"train/grad_norm_module.blocks.11.attn.qkv.bias":0.006381900515407324,"train/grad_norm_module.blocks.9.norm1.bias":0.001620170078240335,"train/grad_norm_module.blocks.5.attn.qkv.bias":0.007890990935266018,"train/grad_norm_module.patch_embed.proj.weight":0.28195250034332275,"train/grad_norm_module.blocks.3.attn.qkv.bias":0.01088294293731451,"train/grad_norm_module.blocks.5.attn.proj.bias":0.03184888884425163,"train/grad_norm_module.blocks.5.mlp.fc2.bias":0.030722344294190407,"train/grad_norm_module.blocks.9.norm1.weight":0.0009181287023238838,"train/grad_norm_module.blocks.11.mlp.fc1.bias":0.006382813677191734,"train/grad_norm_module.pos_embed":0.1398392766714096,"train/grad_norm_module.blocks.7.norm2.weight":0.001595185836777091,"train/grad_norm_module.blocks.3.norm1.weight":0.0011983956210315228,"train/grad_norm_module.blocks.5.mlp.fc1.weight":0.08686766773462296,"train/grad_norm_module.blocks.9.attn.proj.weight":0.04173727333545685,"train/lr":1e-05,"train/grad_norm_module.blocks.7.mlp.fc2.weight":0.08232101798057556,"train/grad_norm_module.blocks.11.mlp.fc2.weight":0.06698313355445862,"train/grad_norm_module.blocks.7.attn.proj.bias":0.025020428001880646,"train/grad_norm_module.blocks.7.norm2.bias":0.0020423440728336573,"eval_loss":2.045498596572876,"train/grad_norm_module.blocks.10.norm2.weight":0.0014025949640199542,"train/grad_norm_module.blocks.8.mlp.fc2.weight":0.08037717640399933,"train/grad_norm_module.blocks.1.attn.proj.weight":0.09764139354228973,"train/grad_norm_module.blocks.0.attn.qkv.weight":0.21473056077957153,"train/grad_norm_module.blocks.9.attn.qkv.weight":0.04351714998483658,"train/grad_norm_module.blocks.0.norm2.bias":0.005248588975518942,"train/grad_norm_module.blocks.6.attn.qkv.weight":0.04968329891562462,"train/grad_norm_module.blocks.10.mlp.fc2.weight":0.07226711511611938,"train/grad_norm_module.blocks.9.mlp.fc1.weight":0.06904786825180054,"train/grad_norm_module.blocks.6.attn.qkv.bias":0.007475629914551973,"train/grad_norm_module.blocks.2.norm1.weight":0.0013277656398713589,"train/grad_norm_module.blocks.5.attn.proj.weight":0.058977168053388596,"train/grad_norm_module.blocks.6.mlp.fc1.weight":0.07995904237031937,"train/grad_norm_total":0.8228111875919708,"train/grad_norm_module.blocks.1.mlp.fc1.bias":0.014512691646814346,"train/grad_norm_module.blocks.7.attn.proj.weight":0.04883739724755287,"train/grad_norm_module.blocks.3.mlp.fc1.weight":0.10209057480096817,"eval_top1":25.590000109863283,"train/grad_norm_module.blocks.3.norm2.bias":0.0030381258111447096,"train/grad_norm_module.blocks.5.norm2.weight":0.0018602715572342277,"train/grad_norm_module.blocks.11.attn.proj.weight":0.03815542161464691,"train/grad_norm_module.blocks.8.mlp.fc1.weight":0.0822039246559143,"lr":1e-05,"train/grad_norm_module.blocks.2.mlp.fc2.weight":0.11449602246284485,"train/grad_norm_module.blocks.6.norm2.weight":0.0016148214926943183,"epoch":0,"train/grad_norm_module.blocks.0.attn.proj.weight":0.18231502175331116,"train/grad_norm_module.blocks.6.norm1.weight":0.0008868600125424564,"train/grad_norm_module.blocks.0.mlp.fc2.bias":0.0644557848572731,"train/grad_norm_module.blocks.5.norm1.bias":0.002370971953496337,"train/grad_norm_module.blocks.5.mlp.fc1.bias":0.008583469316363335,"train/grad_norm_module.blocks.11.norm1.bias":0.0016420077299699187,"train/grad_norm_module.norm.bias":0.0072487411089241505,"train/grad_norm_module.blocks.10.attn.qkv.weight":0.03807757794857025,"train/grad_norm_module.blocks.8.norm1.weight":0.0008881810354068875,"train/grad_norm_module.blocks.4.norm1.bias":0.0026127216406166553,"train/grad_norm_module.blocks.0.attn.proj.bias":0.1463824361562729,"train/grad_norm_module.blocks.11.norm1.weight":0.0008221602765843272,"train/grad_norm_module.blocks.5.norm2.bias":0.0025032053235918283,"train/grad_norm_module.blocks.4.norm2.bias":0.0026677297428250313,"train/grad_norm_module.blocks.7.mlp.fc1.weight":0.08169319480657578,"train/grad_norm_module.blocks.2.mlp.fc1.bias":0.011923523619771004,"train/param_norm":83.71399405705816,"train/grad_norm_module.blocks.5.norm1.weight":0.0010242153657600284,"train/grad_norm_module.blocks.7.mlp.fc2.bias":0.02551252208650112,"train/grad_norm_module.blocks.11.attn.proj.bias":0.021484965458512306,"train/grad_norm_module.blocks.2.norm2.weight":0.002485469216480851,"train/grad_norm_module.blocks.3.mlp.fc2.bias":0.03340187296271324,"train/grad_norm_module.blocks.8.norm1.bias":0.0016054284060373902,"train/grad_norm_module.blocks.1.norm2.weight":0.0029591110069304705,"train/grad_norm_module.blocks.2.norm1.bias":0.0034181145019829273,"train/grad_norm_module.blocks.6.mlp.fc1.bias":0.0074748750776052475,"train/grad_norm_module.blocks.6.attn.proj.bias":0.026849649846553802,"train/grad_norm_module.blocks.8.mlp.fc2.bias":0.025489801540970802,"train/grad_norm_module.blocks.4.attn.qkv.bias":0.009477302432060242,"train/grad_norm_module.blocks.7.mlp.fc1.bias":0.007591580972075462,"train/grad_norm_module.blocks.2.attn.qkv.weight":0.06948157399892807,"train/grad_norm_module.blocks.7.norm1.bias":0.0019431750988587737,"train/grad_norm_module.blocks.11.attn.qkv.weight":0.038347482681274414,"train/grad_norm_module.blocks.10.norm1.bias":0.0017141664866358042,"train/grad_norm_module.cls_token":0.13977812230587006,"train/grad_norm_module.blocks.2.mlp.fc1.weight":0.1151454970240593,"train/grad_norm_module.blocks.1.attn.proj.bias":0.06106835976243019,"train/grad_norm_module.blocks.8.norm2.bias":0.0020684245973825455,"train/grad_norm_module.blocks.5.mlp.fc2.weight":0.09081089496612549,"train/grad_norm_module.blocks.0.norm1.weight":0.004349184222519398,"train/grad_norm_module.blocks.1.mlp.fc1.weight":0.1557229608297348,"train/grad_norm_module.blocks.8.attn.qkv.weight":0.042293813079595566,"train/grad_norm_module.blocks.2.norm2.bias":0.0033395695500075817,"train_params_norm/epoch":83.71398587247249,"train/grad_norm_module.blocks.2.attn.qkv.bias":0.012419754639267921,"train/grad_norm_module.blocks.9.norm2.bias":0.0015490910736843944,