{"_runtime":9.171260521,"train/grad_norm_module.blocks.5.norm1":0.002582647865370692,"train/grad_norm_module.blocks.1.norm1":0.005533387536069022,"_timestamp":1.7360594940231273e+09,"train/grad_norm_module.blocks.3.norm1":0.003606467427532108,"train/grad_norm_module.blocks.4.attn.qkv":0.06331628245737947,"train/grad_norm_module.blocks.3.attn.qkv":0.06335089277560997,"train/grad_norm_module.blocks.4.mlp.fc2":0.10720716501934077,"train/grad_norm_module.blocks.5.attn.proj":0.06703021606123497,"train/grad_norm_module.blocks.7.norm2":0.002591514544622931,"train/grad_norm_module.blocks.3.mlp.fc2":0.11166177028571388,"train/grad_norm_module.blocks.10.attn.proj":0.04134019666507748,"train/grad_norm_module.blocks.6.norm1":0.002309934642543809,"train/grad_norm_module":0.19771206174429712,"train/grad_norm_module.blocks.6.attn.qkv":0.05024476385745998,"train/grad_norm_module.blocks.0.attn.proj":0.23381329059565395,"train/grad_norm_module.blocks.9.attn.proj":0.0483001143693163,"train/grad_norm_module.blocks.5.attn.qkv":0.054857966317008344,"train/grad_norm_module.blocks.9.mlp.fc1":0.0692941399168156,"train/grad_norm_module.blocks.8.attn.qkv":0.042720055890231604,"train/grad_norm_module.blocks.2.norm2":0.004162933647398084,"train/grad_norm_module.blocks.0.norm1":0.013353721598083687,"train/grad_norm_module.blocks.8.attn.proj":0.04822982446598833,"train/step":24,"train/grad_norm_module.blocks.1.mlp.fc2":0.1531212062246962,"train/grad_norm_module.blocks.3.norm2":0.00373668640073034,"train/grad_norm_module.blocks.9.norm1":0.0018622506211331076,"train/epoch":0,"train/grad_norm_module.blocks.4.mlp.fc1":0.09886818831468866,"train/grad_norm_module.blocks.10.norm1":0.0018821760918248474,"train/grad_norm_module.blocks.9.mlp.fc2":0.07277305277985806,"train/grad_norm_module.blocks.4.attn.proj":0.06698329133464723,"train/grad_norm_module.blocks.5.mlp.fc2":0.09586745401022888,"train/grad_norm_module.blocks.0.norm2":0.006396220056727322,"train/grad_norm_module.blocks.0.mlp.fc2":0.20589242210767822,"train/param_norm":83.71399381385513,"train/grad_norm_module.blocks.8.mlp.fc1":0.08255178797452405,"train/grad_norm_module.blocks.2.attn.qkv":0.07058376703131769,"train/grad_norm_module.blocks.11.mlp.fc1":0.07005674920050653,"train/grad_norm_module.blocks.10.mlp.fc1":0.07140300718643362,"train/grad_norm_module.blocks.10.mlp.fc2":0.0758121627182161,"train/grad_norm_module.blocks.2.norm1":0.00366695062834378,"train/grad_norm_module.blocks.11.mlp.fc2":0.07008255347760046,"train/grad_norm_module.blocks.6.mlp.fc2":0.08411233326729063,"train/grad_norm_module.blocks.3.attn.proj":0.07223280242229554,"train/grad_norm_module.blocks.8.norm2":0.0025628086949523853,"train/grad_norm_module.blocks.7.mlp.fc2":0.08618324301472789,"train/grad_norm_module.blocks.6.norm2":0.0025628211449462055,"train/grad_norm_module.blocks.1.norm2":0.004809113402360739,"train/grad_norm_module.head":0.2749902912334545,"train/grad_norm_module.blocks.2.mlp.fc2":0.1213896005531021,"train/grad_norm_module.blocks.7.attn.proj":0.05487579902233472,"train/grad_norm_module.blocks.1.attn.qkv":0.09914542127069052,"train/grad_norm_module.blocks.0.attn.qkv":0.21905466434562818,"train/grad_norm_module.patch_embed.proj":0.2873035885392138,"train/grad_norm_module.blocks.11.norm2":0.0024350856613207226,"train/grad_norm_module.blocks.3.mlp.fc1":0.10252933044500276,"train/grad_norm_module.blocks.10.attn.qkv":0.03857239052911776,"train/grad_norm_module.blocks.11.norm1":0.0018362648816642034,"train/grad_norm_module.blocks.1.attn.proj":0.11516896799276134,"train/grad_norm_module.blocks.5.mlp.fc1":0.08729057555958883,"_wandb":{"runtime":9},"train/grad_norm_module.blocks.1.mlp.fc1":0.15640231256433726,"train/grad_norm_module.blocks.5.norm2":0.0031186329208420364,"train/grad_norm_module.norm":0.009336820673367045,"train/grad_norm_module.blocks.9.attn.qkv":0.043993137331022725,"train/grad_norm_module.blocks.6.attn.proj":0.05525308700399619,"train/grad_norm_module.blocks.11.attn.proj":0.043788268976770885,"train/grad_norm_module.blocks.7.mlp.fc1":0.08204548342671468,"train/grad_norm_module.blocks.4.norm1":0.002989252567933987,"train/grad_norm_module.blocks.9.norm2":0.0020365345322757382,"train/grad_norm_module.blocks.10.norm2":0.0022837875419962957,"train/grad_norm_module.blocks.2.attn.proj":0.08435877640998223,"train/grad_norm_module.blocks.4.norm2":0.003264790575792043,"_step":47,"train/grad_norm_module.blocks.0.mlp.fc1":0.1970331406058397,"train/grad_norm_total":0.8228240677528696,"train/grad_norm_module.blocks.7.norm1":0.0020749930319994988,"train/loss":2.118978500366211,"train/grad_norm_module.blocks.11.attn.qkv":0.0388748736097062,"train/grad_norm_module.blocks.8.norm1":0.001834767648927585,"train/grad_norm_module.blocks.6.mlp.fc1":0.08030797179686583,"train/grad_norm_module.blocks.8.mlp.fc2":0.08432160288002728,"train/grad_norm_module.blocks.2.mlp.fc1":0.11575958426297893,"train/lr":1e-05,"train/grad_norm_module.blocks.7.attn.qkv":0.04333387648844696}