{"train/grad_norm_module.blocks.3.norm1":0.003606473773308195,"train/grad_norm_module.blocks.11.mlp.fc2":0.07008191533999245,"train/grad_norm_module.blocks.5.norm2":0.0031187199925699826,"train/grad_norm_module.blocks.2.attn.qkv":0.07058664490813862,"_runtime":8.968509404,"train/grad_norm_module.blocks.7.attn.qkv":0.04333297377225253,"train/grad_norm_module.blocks.4.attn.proj":0.06698412193516229,"train/grad_norm_module.blocks.4.norm2":0.0032649227887480018,"train/grad_norm_module.blocks.8.mlp.fc2":0.08432341671862555,"train/grad_norm_module.blocks.8.norm1":0.001834869660518459,"train/grad_norm_module.blocks.3.mlp.fc1":0.10252859065976802,"train/grad_norm_module.blocks.1.attn.qkv":0.09915180401485386,"train/grad_norm_total":0.8228340005648009,"train/grad_norm_module.blocks.2.attn.proj":0.08435750615296626,"train/grad_norm_module.blocks.5.norm1":0.002582735904308753,"train/grad_norm_module.blocks.7.attn.proj":0.05487546041201071,"train/grad_norm_module.blocks.4.mlp.fc2":0.10721003697555267,"train/grad_norm_module.blocks.3.mlp.fc2":0.11166144294925429,"train/grad_norm_module.blocks.9.attn.proj":0.04830065446041213,"train/grad_norm_module.blocks.1.norm2":0.004809056055760508,"train/grad_norm_module.blocks.10.mlp.fc1":0.07140439016675344,"train/grad_norm_module.blocks.7.norm2":0.002591584351798918,"_step":47,"train/grad_norm_module.patch_embed.proj":0.28731072593149576,"train/grad_norm_module.blocks.5.attn.proj":0.06703056076555829,"train/grad_norm_module.blocks.6.mlp.fc1":0.08030751924107903,"train/grad_norm_module.blocks.11.norm2":0.002435177286333645,"train/grad_norm_module.blocks.1.mlp.fc2":0.15311764621551666,"train/grad_norm_module.blocks.4.mlp.fc1":0.09886815724935222,"train/grad_norm_module.blocks.11.norm1":0.0018363244664500614,"_wandb":{"runtime":8},"train/grad_norm_module.norm":0.009336917582251511,"train/grad_norm_module.blocks.10.norm2":0.0022838314464007376,"train/grad_norm_module.blocks.11.attn.qkv":0.038875468930982225,"train/grad_norm_module.blocks.4.attn.qkv":0.06331830669831945,"train/grad_norm_module":0.19770673016808807,"train/grad_norm_module.blocks.8.norm2":0.0025629214591067657,"train/grad_norm_module.blocks.6.mlp.fc2":0.08411155071437622,"train/grad_norm_module.blocks.5.mlp.fc1":0.08729104716872986,"train/param_norm":83.7139934103598,"train/grad_norm_module.blocks.0.attn.qkv":0.2190674179653651,"train/loss":2.1189868450164795,"train/grad_norm_module.blocks.6.norm2":0.002562938892401331,"train/grad_norm_module.blocks.2.norm1":0.00366692803539438,"train/grad_norm_module.blocks.5.attn.qkv":0.054856879763344635,"train/grad_norm_module.blocks.9.mlp.fc1":0.06929548227303783,"train/grad_norm_module.blocks.0.mlp.fc2":0.20589449338937232,"train/grad_norm_module.blocks.10.attn.qkv":0.038573361183932994,"train/grad_norm_module.blocks.8.attn.qkv":0.042720729363138844,"train/grad_norm_module.blocks.6.norm1":0.002310025712925083,"train/grad_norm_module.blocks.3.norm2":0.003736500594545261,"train/grad_norm_module.blocks.6.attn.proj":0.05525390490723228,"train/grad_norm_module.blocks.0.norm1":0.013353196173216269,"train/epoch":0,"train/grad_norm_module.blocks.2.norm2":0.004162677849901146,"train/grad_norm_module.blocks.6.attn.qkv":0.050246094822075524,"train/step":24,"train/grad_norm_module.blocks.1.norm1":0.00553318622366112,"train/grad_norm_module.blocks.1.attn.proj":0.11517189096420745,"train/grad_norm_module.head":0.2749932681328143,"train/lr":1e-05,"train/grad_norm_module.blocks.7.norm1":0.002074945164777684,"train/grad_norm_module.blocks.1.mlp.fc1":0.15640397819046978,"train/grad_norm_module.blocks.9.norm2":0.0020366639099833554,"train/grad_norm_module.blocks.10.norm1":0.0018822465423527141,"train/grad_norm_module.blocks.8.attn.proj":0.048230434074236675,"train/grad_norm_module.blocks.0.norm2":0.006396040468165143,"train/grad_norm_module.blocks.5.mlp.fc2":0.09586808758194404,"train/grad_norm_module.blocks.9.mlp.fc2":0.07277447125769773,"train/grad_norm_module.blocks.9.attn.qkv":0.043992074170482835,"_timestamp":1.7360594174414778e+09,"train/grad_norm_module.blocks.7.mlp.fc2":0.08618321724644964,"train/grad_norm_module.blocks.10.attn.proj":0.041340012057655966,"train/grad_norm_module.blocks.3.attn.qkv":0.06335061844315446,"train/grad_norm_module.blocks.3.attn.proj":0.07223180907187295,"train/grad_norm_module.blocks.2.mlp.fc1":0.11575961889484424,"train/grad_norm_module.blocks.11.attn.proj":0.043789213566905565,"train/grad_norm_module.blocks.4.norm1":0.0029892559888355106,"train/grad_norm_module.blocks.0.mlp.fc1":0.19703589729226306,"train/grad_norm_module.blocks.8.mlp.fc1":0.0825536222453544,"train/grad_norm_module.blocks.11.mlp.fc1":0.07005616768216992,"train/grad_norm_module.blocks.9.norm1":0.001862322446011267,"train/grad_norm_module.blocks.0.attn.proj":0.233815666475885,"train/grad_norm_module.blocks.10.mlp.fc2":0.07581379728140204,"train/grad_norm_module.blocks.7.mlp.fc1":0.08204549778232542,"train/grad_norm_module.blocks.2.mlp.fc2":0.12139115114856729}